Broad_ID,Study_ID,Final_eligibility,Primary_exclusion_reason
B05345,ST001,NOT_RETRIEVED,REPORT_NOT_RETRIEVED
B02630,ST002,INCLUDE,
B01645,ST003,INCLUDE,
B10640,ST004,INCLUDE,
B05706,ST005,INCLUDE,
B09245,ST006,INCLUDE,
B02892,ST007,INCLUDE,
B04811,ST008,INCLUDE,
B00536,ST009,INCLUDE,
B03777,ST010,INCLUDE,
B00229,ST011,INCLUDE,
B00724,ST012,INCLUDE,
B04654,ST013,EXCLUDE,RESPIRATORY_AXIS_INSUFFICIENT
B03125,ST014,EXCLUDE,RESPIRATORY_AXIS_INSUFFICIENT
B02025,ST051,INCLUDE,
B00905,ST015,INCLUDE,
B11699,ST016,INCLUDE,
B07878,ST017,INCLUDE,
B07205,ST018,INCLUDE,
B03139,ST019,INCLUDE,
B10089,ST020,INCLUDE,
B05600,ST021,INCLUDE,
B09441,ST022,INCLUDE,
B02240,ST023,EXCLUDE,RESPIRATORY_AXIS_INSUFFICIENT
B01796,ST024,EXCLUDE,RESPIRATORY_AXIS_INSUFFICIENT
B01831,ST025,EXCLUDE,RESPIRATORY_AXIS_INSUFFICIENT
B11032,ST026,EXCLUDE,RESPIRATORY_AXIS_INSUFFICIENT
B00095,ST027,INCLUDE,
B05923,ST028,INCLUDE,
B04953,ST029,INCLUDE,
B06343,ST030,EXCLUDE,RESPIRATORY_AXIS_INSUFFICIENT
B06192,ST031,EXCLUDE,EV_AXIS_INSUFFICIENT
B07429,ST032,EXCLUDE,AGING_SENESCENCE_AXIS_INSUFFICIENT
B01238,ST033,EXCLUDE,AGING_SENESCENCE_AXIS_INSUFFICIENT
B07367,ST034,INCLUDE,
B00934,ST035,EXCLUDE,RESPIRATORY_AXIS_INSUFFICIENT
B01067,ST036,INCLUDE,
B12303,ST037,EXCLUDE,RESPIRATORY_AXIS_INSUFFICIENT
B11529,ST038,INCLUDE,
B03180,ST039,INCLUDE,
B12194,ST040,INCLUDE,
B04744,ST041,INCLUDE,
B10200,ST042,INCLUDE,
B13170,ST043,INCLUDE,
B01934,ST044,INCLUDE,
B01481,ST045,INCLUDE,
B07160,ST046,INCLUDE,
B00146,ST047,INCLUDE,
B13549,ST048,INCLUDE,
B05467,ST049,INCLUDE,
B06506,ST050,EXCLUDE,RESPIRATORY_AXIS_INSUFFICIENT
