Study_ID,found,match_type,broad_ids
S0004,True,DOI,B00095
S0027,True,DOI,B00536
S0058,True,DOI,B01067
S0085,True,DOI,B01481
S0093,True,DOI,B01645
S0104,True,DOI,B01934
S0108,True,DOI,B02025
S0136,True,DOI,B02630
S0168,True,DOI,B03180
S0190,True,DOI,B03777
S0237,True,DOI,B04744
S0240,True,DOI,B04811
S0269,True,DOI,B05467
S0274,True,DOI,B05600
S0309,True,DOI,B06343
S0327,True,DOI,B06506
S0361,True,DOI,B07160
S0369,True,DOI,B07367
S0374,True,DOI,B07429
S0392,True,DOI,B07878
S0481,True,DOI,B09245
S0495,True,DOI,B09441
S0542,True,DOI,B10200
S0566,True,DOI,B10640
S0622,True,DOI,B11529
S0629,True,DOI,B11699
S0665,True,DOI,B12194
S0672,True,DOI,B12303
