Broad_ID,recovery_status
B00007,NO_ABSTRACT_IDENTIFIER_SOURCES
B00009,NO_ABSTRACT_IDENTIFIER_SOURCES
B00010,NO_ABSTRACT_IDENTIFIER_SOURCES
B00019,RECOVERED
B00033,NO_ABSTRACT_IDENTIFIER_SOURCES
B00034,RECOVERED
B00055,NO_ABSTRACT_IDENTIFIER_SOURCES
B00074,RECOVERED
B00122,NO_ABSTRACT_IDENTIFIER_SOURCES
B00145,RECOVERED
B00156,NO_ABSTRACT_IDENTIFIER_SOURCES
B00189,NO_ABSTRACT_IDENTIFIER_SOURCES
B00222,RECOVERED
B00236,RECOVERED
B00241,NO_ABSTRACT_IDENTIFIER_SOURCES
B00247,RECOVERED
B00258,RECOVERED
B00277,RECOVERED
B00306,NO_ABSTRACT_IDENTIFIER_SOURCES
B00322,RECOVERED
B00338,RECOVERED
B00339,RECOVERED
B00355,NO_IDENTIFIER_PHASEA_NOT_ATTEMPTED
B00365,RECOVERED
B00371,NO_ABSTRACT_IDENTIFIER_SOURCES
B00372,NO_ABSTRACT_IDENTIFIER_SOURCES
B00373,NO_ABSTRACT_IDENTIFIER_SOURCES
B00374,NO_ABSTRACT_IDENTIFIER_SOURCES
B00375,NO_ABSTRACT_IDENTIFIER_SOURCES
B00398,RECOVERED
B00414,RECOVERED
B00450,NO_ABSTRACT_IDENTIFIER_SOURCES
B00469,NO_IDENTIFIER_PHASEA_NOT_ATTEMPTED
B00472,NO_ABSTRACT_IDENTIFIER_SOURCES
B00514,NO_IDENTIFIER_PHASEA_NOT_ATTEMPTED
B00519,RECOVERED
B00532,RECOVERED
B00537,RECOVERED
B00565,RECOVERED
B00570,NO_ABSTRACT_IDENTIFIER_SOURCES
B00575,RECOVERED
B00593,RECOVERED
B00597,NO_ABSTRACT_IDENTIFIER_SOURCES
B00635,RECOVERED
B00639,NO_ABSTRACT_IDENTIFIER_SOURCES
B00655,NO_ABSTRACT_IDENTIFIER_SOURCES
B00656,RECOVERED
B00666,RECOVERED
B00859,NO_ABSTRACT_IDENTIFIER_SOURCES
B00895,NO_IDENTIFIER_PHASEA_NOT_ATTEMPTED
B00902,NO_ABSTRACT_IDENTIFIER_SOURCES
B00913,RECOVERED
B00933,NO_ABSTRACT_IDENTIFIER_SOURCES
B00937,RECOVERED
B01001,RECOVERED
B01013,NO_IDENTIFIER_PHASEA_NOT_ATTEMPTED
B01022,NO_ABSTRACT_IDENTIFIER_SOURCES
B01046,NO_IDENTIFIER_PHASEA_NOT_ATTEMPTED
B01055,NO_IDENTIFIER_PHASEA_NOT_ATTEMPTED
B01091,NO_ABSTRACT_IDENTIFIER_SOURCES
B01101,NO_ABSTRACT_IDENTIFIER_SOURCES
B01111,NO_IDENTIFIER_PHASEA_NOT_ATTEMPTED
B01114,NO_ABSTRACT_IDENTIFIER_SOURCES
B01115,NO_ABSTRACT_IDENTIFIER_SOURCES
B01124,NO_ABSTRACT_IDENTIFIER_SOURCES
B01135,RECOVERED
B01155,RECOVERED
B01160,NO_ABSTRACT_IDENTIFIER_SOURCES
B01166,NO_ABSTRACT_IDENTIFIER_SOURCES
B01180,NO_ABSTRACT_IDENTIFIER_SOURCES
B01184,RECOVERED
B01188,NO_ABSTRACT_IDENTIFIER_SOURCES
B01190,RECOVERED
B01203,NO_IDENTIFIER_PHASEA_NOT_ATTEMPTED
B01224,NO_IDENTIFIER_PHASEA_NOT_ATTEMPTED
B01306,NO_ABSTRACT_IDENTIFIER_SOURCES
B01307,NO_ABSTRACT_IDENTIFIER_SOURCES
B01314,NO_ABSTRACT_IDENTIFIER_SOURCES
B01329,RECOVERED
B01330,NO_IDENTIFIER_PHASEA_NOT_ATTEMPTED
B01335,RECOVERED
B01338,RECOVERED
B01348,RECOVERED
B01355,NO_ABSTRACT_IDENTIFIER_SOURCES
B01356,RECOVERED
B01368,NO_ABSTRACT_IDENTIFIER_SOURCES
B01369,RECOVERED
B01375,RECOVERED
B01402,NO_ABSTRACT_IDENTIFIER_SOURCES
B01405,RECOVERED
B01417,NO_ABSTRACT_IDENTIFIER_SOURCES
B01419,NO_IDENTIFIER_PHASEA_NOT_ATTEMPTED
B01421,RECOVERED
B01497,RECOVERED
B01498,NO_ABSTRACT_IDENTIFIER_SOURCES
B01499,NO_ABSTRACT_IDENTIFIER_SOURCES
B01533,RECOVERED
B01534,NO_ABSTRACT_IDENTIFIER_SOURCES
B01549,NO_ABSTRACT_IDENTIFIER_SOURCES
B01552,NO_ABSTRACT_IDENTIFIER_SOURCES
B01598,NO_ABSTRACT_IDENTIFIER_SOURCES
B01601,NO_ABSTRACT_IDENTIFIER_SOURCES
B01602,NO_IDENTIFIER_PHASEA_NOT_ATTEMPTED
B01607,NO_ABSTRACT_IDENTIFIER_SOURCES
B01622,RECOVERED
B01629,NO_ABSTRACT_IDENTIFIER_SOURCES
B01630,NO_ABSTRACT_IDENTIFIER_SOURCES
B01634,NO_IDENTIFIER_PHASEA_NOT_ATTEMPTED
B01638,NO_IDENTIFIER_PHASEA_NOT_ATTEMPTED
B01641,RECOVERED
B01659,RECOVERED
B01660,RECOVERED
B01662,NO_IDENTIFIER_PHASEA_NOT_ATTEMPTED
B01666,NO_IDENTIFIER_PHASEA_NOT_ATTEMPTED
B01697,NO_ABSTRACT_IDENTIFIER_SOURCES
B01707,NO_ABSTRACT_IDENTIFIER_SOURCES
B01721,RECOVERED
B01744,RECOVERED
B01787,NO_ABSTRACT_IDENTIFIER_SOURCES
B01791,RECOVERED
B01800,NO_IDENTIFIER_PHASEA_NOT_ATTEMPTED
B01812,NO_ABSTRACT_IDENTIFIER_SOURCES
B01818,NO_ABSTRACT_IDENTIFIER_SOURCES
B01819,NO_ABSTRACT_IDENTIFIER_SOURCES
B01820,NO_ABSTRACT_IDENTIFIER_SOURCES
B01821,NO_ABSTRACT_IDENTIFIER_SOURCES
B01822,NO_ABSTRACT_IDENTIFIER_SOURCES
B01824,NO_ABSTRACT_IDENTIFIER_SOURCES
B01825,NO_ABSTRACT_IDENTIFIER_SOURCES
B01826,NO_ABSTRACT_IDENTIFIER_SOURCES
B01827,NO_ABSTRACT_IDENTIFIER_SOURCES
B01828,NO_ABSTRACT_IDENTIFIER_SOURCES
B01852,RECOVERED
B01853,RECOVERED
B01872,NO_IDENTIFIER_PHASEA_NOT_ATTEMPTED
B01901,RECOVERED
B01924,NO_ABSTRACT_IDENTIFIER_SOURCES
B01931,NO_IDENTIFIER_PHASEA_NOT_ATTEMPTED
B01954,RECOVERED
B02021,RECOVERED
B02030,NO_ABSTRACT_IDENTIFIER_SOURCES
B02035,NO_ABSTRACT_IDENTIFIER_SOURCES
B02046,NO_ABSTRACT_IDENTIFIER_SOURCES
B02061,NO_ABSTRACT_IDENTIFIER_SOURCES
B02067,NO_ABSTRACT_IDENTIFIER_SOURCES
B02074,RECOVERED
B02083,RECOVERED
B02086,NO_ABSTRACT_IDENTIFIER_SOURCES
B02088,NO_ABSTRACT_IDENTIFIER_SOURCES
B02105,NO_ABSTRACT_IDENTIFIER_SOURCES
B02113,NO_ABSTRACT_IDENTIFIER_SOURCES
B02122,NO_ABSTRACT_IDENTIFIER_SOURCES
B02130,RECOVERED
B02131,NO_IDENTIFIER_PHASEA_NOT_ATTEMPTED
B02132,RECOVERED
B02136,NO_ABSTRACT_IDENTIFIER_SOURCES
B02144,NO_ABSTRACT_IDENTIFIER_SOURCES
B02166,NO_IDENTIFIER_PHASEA_NOT_ATTEMPTED
B02194,NO_ABSTRACT_IDENTIFIER_SOURCES
B02195,NO_ABSTRACT_IDENTIFIER_SOURCES
B02196,NO_ABSTRACT_IDENTIFIER_SOURCES
B02197,NO_ABSTRACT_IDENTIFIER_SOURCES
B02198,NO_ABSTRACT_IDENTIFIER_SOURCES
B02200,NO_ABSTRACT_IDENTIFIER_SOURCES
B02206,NO_ABSTRACT_IDENTIFIER_SOURCES
B02237,NO_ABSTRACT_IDENTIFIER_SOURCES
B02244,NO_IDENTIFIER_PHASEA_NOT_ATTEMPTED
B02274,NO_IDENTIFIER_PHASEA_NOT_ATTEMPTED
B02288,NO_IDENTIFIER_PHASEA_NOT_ATTEMPTED
B02333,NO_IDENTIFIER_PHASEA_NOT_ATTEMPTED
B02355,RECOVERED
B02357,NO_IDENTIFIER_PHASEA_NOT_ATTEMPTED
B02359,NO_IDENTIFIER_PHASEA_NOT_ATTEMPTED
B02379,NO_ABSTRACT_IDENTIFIER_SOURCES
B02380,NO_ABSTRACT_IDENTIFIER_SOURCES
B02381,NO_ABSTRACT_IDENTIFIER_SOURCES
B02382,NO_ABSTRACT_IDENTIFIER_SOURCES
B02383,NO_ABSTRACT_IDENTIFIER_SOURCES
B02385,NO_ABSTRACT_IDENTIFIER_SOURCES
B02387,NO_ABSTRACT_IDENTIFIER_SOURCES
B02444,NO_IDENTIFIER_PHASEA_NOT_ATTEMPTED
B02471,NO_ABSTRACT_IDENTIFIER_SOURCES
B02497,RECOVERED
B02503,RECOVERED
B02513,NO_ABSTRACT_IDENTIFIER_SOURCES
B02523,RECOVERED
B02529,NO_ABSTRACT_IDENTIFIER_SOURCES
B02532,NO_ABSTRACT_IDENTIFIER_SOURCES
B02541,NO_ABSTRACT_IDENTIFIER_SOURCES
B02597,RECOVERED
B02599,NO_IDENTIFIER_PHASEA_NOT_ATTEMPTED
B02616,NO_ABSTRACT_IDENTIFIER_SOURCES
B02627,RECOVERED
B02635,NO_ABSTRACT_IDENTIFIER_SOURCES
B02637,NO_ABSTRACT_IDENTIFIER_SOURCES
B02671,NO_ABSTRACT_IDENTIFIER_SOURCES
B02672,NO_ABSTRACT_IDENTIFIER_SOURCES
B02685,RECOVERED
B02709,NO_ABSTRACT_IDENTIFIER_SOURCES
B02718,NO_IDENTIFIER_PHASEA_NOT_ATTEMPTED
B02751,NO_ABSTRACT_IDENTIFIER_SOURCES
B02755,NO_ABSTRACT_IDENTIFIER_SOURCES
B02756,NO_IDENTIFIER_PHASEA_NOT_ATTEMPTED
B02762,NO_ABSTRACT_IDENTIFIER_SOURCES
B02763,NO_ABSTRACT_IDENTIFIER_SOURCES
B02773,RECOVERED
B02779,NO_ABSTRACT_IDENTIFIER_SOURCES
B02786,NO_ABSTRACT_IDENTIFIER_SOURCES
B02787,NO_ABSTRACT_IDENTIFIER_SOURCES
B02832,NO_ABSTRACT_IDENTIFIER_SOURCES
B02841,NO_ABSTRACT_IDENTIFIER_SOURCES
B02850,RECOVERED
B02870,NO_ABSTRACT_IDENTIFIER_SOURCES
B02878,NO_ABSTRACT_IDENTIFIER_SOURCES
B02890,NO_ABSTRACT_IDENTIFIER_SOURCES
B02935,NO_IDENTIFIER_PHASEA_NOT_ATTEMPTED
B02937,NO_IDENTIFIER_PHASEA_NOT_ATTEMPTED
B02942,NO_ABSTRACT_IDENTIFIER_SOURCES
B02958,RECOVERED
B02959,RECOVERED
B02960,RECOVERED
B03043,NO_ABSTRACT_IDENTIFIER_SOURCES
B03048,NO_ABSTRACT_IDENTIFIER_SOURCES
B03049,NO_ABSTRACT_IDENTIFIER_SOURCES
B03055,NO_ABSTRACT_IDENTIFIER_SOURCES
B03064,NO_ABSTRACT_IDENTIFIER_SOURCES
B03089,NO_ABSTRACT_IDENTIFIER_SOURCES
B03108,NO_ABSTRACT_IDENTIFIER_SOURCES
B03110,RECOVERED
B03118,NO_IDENTIFIER_PHASEA_NOT_ATTEMPTED
B03119,NO_ABSTRACT_IDENTIFIER_SOURCES
B03153,NO_IDENTIFIER_PHASEA_NOT_ATTEMPTED
B03183,NO_IDENTIFIER_PHASEA_NOT_ATTEMPTED
B03217,NO_ABSTRACT_IDENTIFIER_SOURCES
B03237,NO_IDENTIFIER_PHASEA_NOT_ATTEMPTED
B03268,NO_IDENTIFIER_PHASEA_NOT_ATTEMPTED
B03269,NO_IDENTIFIER_PHASEA_NOT_ATTEMPTED
B03318,NO_ABSTRACT_IDENTIFIER_SOURCES
B03326,NO_ABSTRACT_IDENTIFIER_SOURCES
B03334,NO_ABSTRACT_IDENTIFIER_SOURCES
B03413,NO_IDENTIFIER_PHASEA_NOT_ATTEMPTED
B03419,RECOVERED
B03439,NO_ABSTRACT_IDENTIFIER_SOURCES
B03444,NO_IDENTIFIER_PHASEA_NOT_ATTEMPTED
B03460,NO_ABSTRACT_IDENTIFIER_SOURCES
B03461,NO_ABSTRACT_IDENTIFIER_SOURCES
B03471,NO_ABSTRACT_IDENTIFIER_SOURCES
B03476,RECOVERED
B03477,NO_ABSTRACT_IDENTIFIER_SOURCES
B03489,NO_IDENTIFIER_PHASEA_NOT_ATTEMPTED
B03545,NO_ABSTRACT_IDENTIFIER_SOURCES
B03546,NO_ABSTRACT_IDENTIFIER_SOURCES
B03563,NO_ABSTRACT_IDENTIFIER_SOURCES
B03566,NO_IDENTIFIER_PHASEA_NOT_ATTEMPTED
B03586,NO_ABSTRACT_IDENTIFIER_SOURCES
B03587,NO_ABSTRACT_IDENTIFIER_SOURCES
B03588,NO_ABSTRACT_IDENTIFIER_SOURCES
B03589,NO_ABSTRACT_IDENTIFIER_SOURCES
B03590,NO_ABSTRACT_IDENTIFIER_SOURCES
B03591,NO_ABSTRACT_IDENTIFIER_SOURCES
B03592,NO_ABSTRACT_IDENTIFIER_SOURCES
B03593,NO_ABSTRACT_IDENTIFIER_SOURCES
B03594,NO_ABSTRACT_IDENTIFIER_SOURCES
B03595,NO_ABSTRACT_IDENTIFIER_SOURCES
B03596,NO_ABSTRACT_IDENTIFIER_SOURCES
B03597,NO_ABSTRACT_IDENTIFIER_SOURCES
B03598,NO_ABSTRACT_IDENTIFIER_SOURCES
B03599,NO_ABSTRACT_IDENTIFIER_SOURCES
B03600,NO_ABSTRACT_IDENTIFIER_SOURCES
B03601,RECOVERED
B03612,RECOVERED
B03644,RECOVERED
B03648,NO_IDENTIFIER_PHASEA_NOT_ATTEMPTED
B03657,NO_IDENTIFIER_PHASEA_NOT_ATTEMPTED
B03677,NO_IDENTIFIER_PHASEA_NOT_ATTEMPTED
B03681,NO_IDENTIFIER_PHASEA_NOT_ATTEMPTED
B03683,NO_IDENTIFIER_PHASEA_NOT_ATTEMPTED
B03698,NO_IDENTIFIER_PHASEA_NOT_ATTEMPTED
B03700,NO_IDENTIFIER_PHASEA_NOT_ATTEMPTED
B03701,RECOVERED
B03714,NO_IDENTIFIER_PHASEA_NOT_ATTEMPTED
B03716,NO_ABSTRACT_IDENTIFIER_SOURCES
B03718,NO_IDENTIFIER_PHASEA_NOT_ATTEMPTED
B03724,NO_IDENTIFIER_PHASEA_NOT_ATTEMPTED
B03750,NO_ABSTRACT_IDENTIFIER_SOURCES
B03764,NO_ABSTRACT_IDENTIFIER_SOURCES
B03782,NO_ABSTRACT_IDENTIFIER_SOURCES
B03785,NO_IDENTIFIER_PHASEA_NOT_ATTEMPTED
B03793,RECOVERED
B03804,NO_IDENTIFIER_PHASEA_NOT_ATTEMPTED
B03838,NO_ABSTRACT_IDENTIFIER_SOURCES
B03851,NO_IDENTIFIER_PHASEA_NOT_ATTEMPTED
B03852,NO_IDENTIFIER_PHASEA_NOT_ATTEMPTED
B03855,NO_ABSTRACT_IDENTIFIER_SOURCES
B03862,NO_ABSTRACT_IDENTIFIER_SOURCES
B03876,NO_IDENTIFIER_PHASEA_NOT_ATTEMPTED
B03905,RECOVERED
B03909,NO_ABSTRACT_IDENTIFIER_SOURCES
B03910,NO_IDENTIFIER_PHASEA_NOT_ATTEMPTED
B03918,NO_ABSTRACT_IDENTIFIER_SOURCES
B03925,NO_IDENTIFIER_PHASEA_NOT_ATTEMPTED
B03944,NO_IDENTIFIER_PHASEA_NOT_ATTEMPTED
B03981,NO_ABSTRACT_IDENTIFIER_SOURCES
B03982,NO_ABSTRACT_IDENTIFIER_SOURCES
B03983,NO_ABSTRACT_IDENTIFIER_SOURCES
B03990,NO_ABSTRACT_IDENTIFIER_SOURCES
B04000,NO_ABSTRACT_IDENTIFIER_SOURCES
B04021,NO_IDENTIFIER_PHASEA_NOT_ATTEMPTED
B04024,NO_IDENTIFIER_PHASEA_NOT_ATTEMPTED
B04025,NO_IDENTIFIER_PHASEA_NOT_ATTEMPTED
B04030,NO_IDENTIFIER_PHASEA_NOT_ATTEMPTED
B04046,NO_ABSTRACT_IDENTIFIER_SOURCES
B04049,RECOVERED
B04062,NO_ABSTRACT_IDENTIFIER_SOURCES
B04077,NO_IDENTIFIER_PHASEA_NOT_ATTEMPTED
B04088,NO_ABSTRACT_IDENTIFIER_SOURCES
B04140,NO_ABSTRACT_IDENTIFIER_SOURCES
B04150,NO_ABSTRACT_IDENTIFIER_SOURCES
B04155,NO_ABSTRACT_IDENTIFIER_SOURCES
B04157,NO_ABSTRACT_IDENTIFIER_SOURCES
B04162,NO_ABSTRACT_IDENTIFIER_SOURCES
B04197,NO_ABSTRACT_IDENTIFIER_SOURCES
B04216,NO_ABSTRACT_IDENTIFIER_SOURCES
B04266,NO_ABSTRACT_IDENTIFIER_SOURCES
B04290,RECOVERED
B04333,NO_IDENTIFIER_PHASEA_NOT_ATTEMPTED
B04369,NO_ABSTRACT_IDENTIFIER_SOURCES
B04381,RECOVERED
B04393,NO_ABSTRACT_IDENTIFIER_SOURCES
B04437,NO_ABSTRACT_IDENTIFIER_SOURCES
B04442,NO_IDENTIFIER_PHASEA_NOT_ATTEMPTED
B04448,NO_IDENTIFIER_PHASEA_NOT_ATTEMPTED
B04463,NO_IDENTIFIER_PHASEA_NOT_ATTEMPTED
B04485,RECOVERED
B04490,NO_IDENTIFIER_PHASEA_NOT_ATTEMPTED
B04491,NO_IDENTIFIER_PHASEA_NOT_ATTEMPTED
B04517,NO_IDENTIFIER_PHASEA_NOT_ATTEMPTED
B04566,NO_IDENTIFIER_PHASEA_NOT_ATTEMPTED
B04567,NO_ABSTRACT_IDENTIFIER_SOURCES
B04578,NO_ABSTRACT_IDENTIFIER_SOURCES
B04579,NO_ABSTRACT_IDENTIFIER_SOURCES
B04580,NO_ABSTRACT_IDENTIFIER_SOURCES
B04583,NO_IDENTIFIER_PHASEA_NOT_ATTEMPTED
B04631,NO_IDENTIFIER_PHASEA_NOT_ATTEMPTED
B04651,NO_IDENTIFIER_PHASEA_NOT_ATTEMPTED
B04658,NO_ABSTRACT_IDENTIFIER_SOURCES
B04659,NO_ABSTRACT_IDENTIFIER_SOURCES
B04670,NO_ABSTRACT_IDENTIFIER_SOURCES
B04671,NO_ABSTRACT_IDENTIFIER_SOURCES
B04704,RECOVERED
B04705,NO_ABSTRACT_IDENTIFIER_SOURCES
B04707,NO_ABSTRACT_IDENTIFIER_SOURCES
B04716,NO_IDENTIFIER_PHASEA_NOT_ATTEMPTED
B04751,NO_IDENTIFIER_PHASEA_NOT_ATTEMPTED
B04760,NO_IDENTIFIER_PHASEA_NOT_ATTEMPTED
B04764,NO_ABSTRACT_IDENTIFIER_SOURCES
B04787,NO_IDENTIFIER_PHASEA_NOT_ATTEMPTED
B04796,NO_IDENTIFIER_PHASEA_NOT_ATTEMPTED
B04821,NO_IDENTIFIER_PHASEA_NOT_ATTEMPTED
B04832,NO_ABSTRACT_IDENTIFIER_SOURCES
B04839,NO_IDENTIFIER_PHASEA_NOT_ATTEMPTED
B04846,NO_IDENTIFIER_PHASEA_NOT_ATTEMPTED
B04877,NO_ABSTRACT_IDENTIFIER_SOURCES
B04883,NO_ABSTRACT_IDENTIFIER_SOURCES
B04900,NO_ABSTRACT_IDENTIFIER_SOURCES
B04975,NO_ABSTRACT_IDENTIFIER_SOURCES
B05003,NO_IDENTIFIER_PHASEA_NOT_ATTEMPTED
B05004,NO_ABSTRACT_IDENTIFIER_SOURCES
B05028,RECOVERED
B05041,NO_ABSTRACT_IDENTIFIER_SOURCES
B05063,RECOVERED
B05078,NO_ABSTRACT_IDENTIFIER_SOURCES
B05101,RECOVERED
B05104,NO_IDENTIFIER_PHASEA_NOT_ATTEMPTED
B05105,NO_IDENTIFIER_PHASEA_NOT_ATTEMPTED
B05141,NO_ABSTRACT_IDENTIFIER_SOURCES
B05152,NO_IDENTIFIER_PHASEA_NOT_ATTEMPTED
B05161,NO_ABSTRACT_IDENTIFIER_SOURCES
B05172,NO_ABSTRACT_IDENTIFIER_SOURCES
B05176,RECOVERED
B05191,NO_IDENTIFIER_PHASEA_NOT_ATTEMPTED
B05211,RECOVERED
B05239,RECOVERED
B05244,NO_IDENTIFIER_PHASEA_NOT_ATTEMPTED
B05245,NO_IDENTIFIER_PHASEA_NOT_ATTEMPTED
B05248,NO_ABSTRACT_IDENTIFIER_SOURCES
B05252,NO_ABSTRACT_IDENTIFIER_SOURCES
B05260,NO_ABSTRACT_IDENTIFIER_SOURCES
B05261,NO_ABSTRACT_IDENTIFIER_SOURCES
B05264,NO_ABSTRACT_IDENTIFIER_SOURCES
B05269,NO_IDENTIFIER_PHASEA_NOT_ATTEMPTED
B05278,RECOVERED
B05279,NO_ABSTRACT_IDENTIFIER_SOURCES
B05282,NO_IDENTIFIER_PHASEA_NOT_ATTEMPTED
B05285,RECOVERED
B05287,NO_ABSTRACT_IDENTIFIER_SOURCES
B05290,NO_IDENTIFIER_PHASEA_NOT_ATTEMPTED
B05304,NO_ABSTRACT_IDENTIFIER_SOURCES
B05335,NO_ABSTRACT_IDENTIFIER_SOURCES
B05352,NO_IDENTIFIER_PHASEA_NOT_ATTEMPTED
B05357,NO_IDENTIFIER_PHASEA_NOT_ATTEMPTED
B05373,NO_IDENTIFIER_PHASEA_NOT_ATTEMPTED
B05378,RECOVERED
B05384,NO_ABSTRACT_IDENTIFIER_SOURCES
B05385,NO_ABSTRACT_IDENTIFIER_SOURCES
B05386,NO_ABSTRACT_IDENTIFIER_SOURCES
B05387,NO_ABSTRACT_IDENTIFIER_SOURCES
B05388,NO_ABSTRACT_IDENTIFIER_SOURCES
B05389,NO_ABSTRACT_IDENTIFIER_SOURCES
B05390,NO_ABSTRACT_IDENTIFIER_SOURCES
B05391,NO_ABSTRACT_IDENTIFIER_SOURCES
B05392,NO_ABSTRACT_IDENTIFIER_SOURCES
B05393,NO_ABSTRACT_IDENTIFIER_SOURCES
B05394,NO_ABSTRACT_IDENTIFIER_SOURCES
B05395,NO_ABSTRACT_IDENTIFIER_SOURCES
B05396,NO_ABSTRACT_IDENTIFIER_SOURCES
B05397,RECOVERED
B05398,NO_ABSTRACT_IDENTIFIER_SOURCES
B05399,NO_ABSTRACT_IDENTIFIER_SOURCES
B05400,NO_ABSTRACT_IDENTIFIER_SOURCES
B05401,NO_ABSTRACT_IDENTIFIER_SOURCES
B05402,NO_ABSTRACT_IDENTIFIER_SOURCES
B05403,NO_ABSTRACT_IDENTIFIER_SOURCES
B05404,NO_ABSTRACT_IDENTIFIER_SOURCES
B05405,NO_ABSTRACT_IDENTIFIER_SOURCES
B05406,NO_ABSTRACT_IDENTIFIER_SOURCES
B05407,NO_ABSTRACT_IDENTIFIER_SOURCES
B05427,RECOVERED
B05458,NO_IDENTIFIER_PHASEA_NOT_ATTEMPTED
B05480,NO_IDENTIFIER_PHASEA_NOT_ATTEMPTED
B05546,NO_ABSTRACT_IDENTIFIER_SOURCES
B05566,NO_IDENTIFIER_PHASEA_NOT_ATTEMPTED
B05599,NO_IDENTIFIER_PHASEA_NOT_ATTEMPTED
B05603,NO_ABSTRACT_IDENTIFIER_SOURCES
B05607,NO_ABSTRACT_IDENTIFIER_SOURCES
B05610,NO_IDENTIFIER_PHASEA_NOT_ATTEMPTED
B05611,NO_IDENTIFIER_PHASEA_NOT_ATTEMPTED
B05614,NO_ABSTRACT_IDENTIFIER_SOURCES
B05623,RECOVERED
B05625,RECOVERED
B05626,RECOVERED
B05642,NO_ABSTRACT_IDENTIFIER_SOURCES
B05647,NO_ABSTRACT_IDENTIFIER_SOURCES
B05650,NO_ABSTRACT_IDENTIFIER_SOURCES
B05652,NO_ABSTRACT_IDENTIFIER_SOURCES
B05654,NO_IDENTIFIER_PHASEA_NOT_ATTEMPTED
B05656,NO_IDENTIFIER_PHASEA_NOT_ATTEMPTED
B05657,NO_ABSTRACT_IDENTIFIER_SOURCES
B05679,NO_ABSTRACT_IDENTIFIER_SOURCES
B05683,NO_IDENTIFIER_PHASEA_NOT_ATTEMPTED
B05687,NO_ABSTRACT_IDENTIFIER_SOURCES
B05694,NO_IDENTIFIER_PHASEA_NOT_ATTEMPTED
B05703,NO_ABSTRACT_IDENTIFIER_SOURCES
B05707,RECOVERED
B05713,NO_ABSTRACT_IDENTIFIER_SOURCES
B05721,RECOVERED
B05725,RECOVERED
B05731,NO_ABSTRACT_IDENTIFIER_SOURCES
B05734,NO_ABSTRACT_IDENTIFIER_SOURCES
B05735,NO_ABSTRACT_IDENTIFIER_SOURCES
B05736,NO_ABSTRACT_IDENTIFIER_SOURCES
B05737,NO_ABSTRACT_IDENTIFIER_SOURCES
B05738,NO_ABSTRACT_IDENTIFIER_SOURCES
B05739,NO_ABSTRACT_IDENTIFIER_SOURCES
B05746,NO_IDENTIFIER_PHASEA_NOT_ATTEMPTED
B05773,NO_IDENTIFIER_PHASEA_NOT_ATTEMPTED
B05779,NO_IDENTIFIER_PHASEA_NOT_ATTEMPTED
B05782,NO_IDENTIFIER_PHASEA_NOT_ATTEMPTED
B05792,RECOVERED
B05796,NO_ABSTRACT_IDENTIFIER_SOURCES
B05800,NO_IDENTIFIER_PHASEA_NOT_ATTEMPTED
B05801,NO_IDENTIFIER_PHASEA_NOT_ATTEMPTED
B05814,NO_IDENTIFIER_PHASEA_NOT_ATTEMPTED
B05848,NO_ABSTRACT_IDENTIFIER_SOURCES
B05860,NO_IDENTIFIER_PHASEA_NOT_ATTEMPTED
B05861,NO_IDENTIFIER_PHASEA_NOT_ATTEMPTED
B05868,NO_IDENTIFIER_PHASEA_NOT_ATTEMPTED
B05875,NO_ABSTRACT_IDENTIFIER_SOURCES
B05880,NO_ABSTRACT_IDENTIFIER_SOURCES
B05883,NO_IDENTIFIER_PHASEA_NOT_ATTEMPTED
B05886,NO_ABSTRACT_IDENTIFIER_SOURCES
B05896,NO_ABSTRACT_IDENTIFIER_SOURCES
B05905,RECOVERED
B05915,NO_ABSTRACT_IDENTIFIER_SOURCES
B05926,NO_IDENTIFIER_PHASEA_NOT_ATTEMPTED
B05933,NO_IDENTIFIER_PHASEA_NOT_ATTEMPTED
B05973,RECOVERED
B05976,NO_ABSTRACT_IDENTIFIER_SOURCES
B06038,NO_ABSTRACT_IDENTIFIER_SOURCES
B06042,NO_IDENTIFIER_PHASEA_NOT_ATTEMPTED
B06054,NO_ABSTRACT_IDENTIFIER_SOURCES
B06091,RECOVERED
B06107,NO_ABSTRACT_IDENTIFIER_SOURCES
B06136,RECOVERED
B06157,NO_IDENTIFIER_PHASEA_NOT_ATTEMPTED
B06190,NO_IDENTIFIER_PHASEA_NOT_ATTEMPTED
B06212,NO_ABSTRACT_IDENTIFIER_SOURCES
B06215,RECOVERED
B06225,NO_ABSTRACT_IDENTIFIER_SOURCES
B06231,NO_IDENTIFIER_PHASEA_NOT_ATTEMPTED
B06255,NO_IDENTIFIER_PHASEA_NOT_ATTEMPTED
B06257,NO_IDENTIFIER_PHASEA_NOT_ATTEMPTED
B06263,RECOVERED
B06278,NO_ABSTRACT_IDENTIFIER_SOURCES
B06295,RECOVERED
B06298,NO_IDENTIFIER_PHASEA_NOT_ATTEMPTED
B06323,RECOVERED
B06431,NO_ABSTRACT_IDENTIFIER_SOURCES
B06472,NO_IDENTIFIER_PHASEA_NOT_ATTEMPTED
B06474,NO_ABSTRACT_IDENTIFIER_SOURCES
B06482,RECOVERED
B06484,NO_ABSTRACT_IDENTIFIER_SOURCES
B06490,NO_ABSTRACT_IDENTIFIER_SOURCES
B06498,RECOVERED
B06500,RECOVERED
B06514,NO_ABSTRACT_IDENTIFIER_SOURCES
B06531,NO_ABSTRACT_IDENTIFIER_SOURCES
B06533,NO_ABSTRACT_IDENTIFIER_SOURCES
B06548,NO_ABSTRACT_IDENTIFIER_SOURCES
B06562,NO_IDENTIFIER_PHASEA_NOT_ATTEMPTED
B06565,NO_IDENTIFIER_PHASEA_NOT_ATTEMPTED
B06576,NO_IDENTIFIER_PHASEA_NOT_ATTEMPTED
B06608,NO_ABSTRACT_IDENTIFIER_SOURCES
B06619,NO_IDENTIFIER_PHASEA_NOT_ATTEMPTED
B06622,NO_IDENTIFIER_PHASEA_NOT_ATTEMPTED
B06623,RECOVERED
B06651,NO_ABSTRACT_IDENTIFIER_SOURCES
B06666,RECOVERED
B06714,RECOVERED
B06723,RECOVERED
B06726,NO_ABSTRACT_IDENTIFIER_SOURCES
B06727,NO_IDENTIFIER_PHASEA_NOT_ATTEMPTED
B06732,NO_ABSTRACT_IDENTIFIER_SOURCES
B06735,NO_ABSTRACT_IDENTIFIER_SOURCES
B06760,NO_ABSTRACT_IDENTIFIER_SOURCES
B06764,NO_IDENTIFIER_PHASEA_NOT_ATTEMPTED
B06776,NO_IDENTIFIER_PHASEA_NOT_ATTEMPTED
B06784,NO_ABSTRACT_IDENTIFIER_SOURCES
B06790,NO_IDENTIFIER_PHASEA_NOT_ATTEMPTED
B06794,NO_ABSTRACT_IDENTIFIER_SOURCES
B06815,NO_IDENTIFIER_PHASEA_NOT_ATTEMPTED
B06836,NO_IDENTIFIER_PHASEA_NOT_ATTEMPTED
B06837,RECOVERED
B06843,NO_ABSTRACT_IDENTIFIER_SOURCES
B06850,NO_ABSTRACT_IDENTIFIER_SOURCES
B06963,NO_IDENTIFIER_PHASEA_NOT_ATTEMPTED
B06964,NO_IDENTIFIER_PHASEA_NOT_ATTEMPTED
B06972,NO_IDENTIFIER_PHASEA_NOT_ATTEMPTED
B07007,NO_ABSTRACT_IDENTIFIER_SOURCES
B07010,NO_ABSTRACT_IDENTIFIER_SOURCES
B07034,NO_IDENTIFIER_PHASEA_NOT_ATTEMPTED
B07057,NO_ABSTRACT_IDENTIFIER_SOURCES
B07085,NO_IDENTIFIER_PHASEA_NOT_ATTEMPTED
B07097,NO_IDENTIFIER_PHASEA_NOT_ATTEMPTED
B07102,NO_ABSTRACT_IDENTIFIER_SOURCES
B07118,NO_IDENTIFIER_PHASEA_NOT_ATTEMPTED
B07119,NO_IDENTIFIER_PHASEA_NOT_ATTEMPTED
B07130,NO_IDENTIFIER_PHASEA_NOT_ATTEMPTED
B07138,RECOVERED
B07144,NO_ABSTRACT_IDENTIFIER_SOURCES
B07145,NO_ABSTRACT_IDENTIFIER_SOURCES
B07146,NO_ABSTRACT_IDENTIFIER_SOURCES
B07147,NO_ABSTRACT_IDENTIFIER_SOURCES
B07148,NO_ABSTRACT_IDENTIFIER_SOURCES
B07149,NO_ABSTRACT_IDENTIFIER_SOURCES
B07150,NO_ABSTRACT_IDENTIFIER_SOURCES
B07151,NO_ABSTRACT_IDENTIFIER_SOURCES
B07152,NO_ABSTRACT_IDENTIFIER_SOURCES
B07153,NO_ABSTRACT_IDENTIFIER_SOURCES
B07154,NO_ABSTRACT_IDENTIFIER_SOURCES
B07155,NO_ABSTRACT_IDENTIFIER_SOURCES
B07156,NO_ABSTRACT_IDENTIFIER_SOURCES
B07157,NO_ABSTRACT_IDENTIFIER_SOURCES
B07158,NO_ABSTRACT_IDENTIFIER_SOURCES
B07159,NO_ABSTRACT_IDENTIFIER_SOURCES
B07194,RECOVERED
B07200,NO_ABSTRACT_IDENTIFIER_SOURCES
B07216,NO_ABSTRACT_IDENTIFIER_SOURCES
B07226,NO_ABSTRACT_IDENTIFIER_SOURCES
B07279,NO_IDENTIFIER_PHASEA_NOT_ATTEMPTED
B07285,NO_IDENTIFIER_PHASEA_NOT_ATTEMPTED
B07311,NO_IDENTIFIER_PHASEA_NOT_ATTEMPTED
B07323,NO_IDENTIFIER_PHASEA_NOT_ATTEMPTED
B07383,NO_ABSTRACT_IDENTIFIER_SOURCES
B07385,NO_ABSTRACT_IDENTIFIER_SOURCES
B07386,NO_IDENTIFIER_PHASEA_NOT_ATTEMPTED
B07395,NO_ABSTRACT_IDENTIFIER_SOURCES
B07407,NO_ABSTRACT_IDENTIFIER_SOURCES
B07426,NO_ABSTRACT_IDENTIFIER_SOURCES
B07432,NO_IDENTIFIER_PHASEA_NOT_ATTEMPTED
B07447,NO_ABSTRACT_IDENTIFIER_SOURCES
B07448,NO_IDENTIFIER_PHASEA_NOT_ATTEMPTED
B07450,NO_ABSTRACT_IDENTIFIER_SOURCES
B07452,NO_IDENTIFIER_PHASEA_NOT_ATTEMPTED
B07487,NO_ABSTRACT_IDENTIFIER_SOURCES
B07489,NO_ABSTRACT_IDENTIFIER_SOURCES
B07490,NO_ABSTRACT_IDENTIFIER_SOURCES
B07526,NO_IDENTIFIER_PHASEA_NOT_ATTEMPTED
B07551,NO_IDENTIFIER_PHASEA_NOT_ATTEMPTED
B07553,NO_ABSTRACT_IDENTIFIER_SOURCES
B07555,NO_ABSTRACT_IDENTIFIER_SOURCES
B07573,NO_IDENTIFIER_PHASEA_NOT_ATTEMPTED
B07575,RECOVERED
B07581,NO_ABSTRACT_IDENTIFIER_SOURCES
B07599,NO_IDENTIFIER_PHASEA_NOT_ATTEMPTED
B07621,NO_ABSTRACT_IDENTIFIER_SOURCES
B07632,NO_ABSTRACT_IDENTIFIER_SOURCES
B07633,NO_ABSTRACT_IDENTIFIER_SOURCES
B07644,RECOVERED
B07655,NO_ABSTRACT_IDENTIFIER_SOURCES
B07662,NO_ABSTRACT_IDENTIFIER_SOURCES
B07681,NO_IDENTIFIER_PHASEA_NOT_ATTEMPTED
B07682,NO_IDENTIFIER_PHASEA_NOT_ATTEMPTED
B07683,NO_IDENTIFIER_PHASEA_NOT_ATTEMPTED
B07684,NO_ABSTRACT_IDENTIFIER_SOURCES
B07693,NO_IDENTIFIER_PHASEA_NOT_ATTEMPTED
B07703,NO_IDENTIFIER_PHASEA_NOT_ATTEMPTED
B07715,NO_ABSTRACT_IDENTIFIER_SOURCES
B07720,RECOVERED
B07757,NO_ABSTRACT_IDENTIFIER_SOURCES
B07758,NO_ABSTRACT_IDENTIFIER_SOURCES
B07759,NO_ABSTRACT_IDENTIFIER_SOURCES
B07767,NO_ABSTRACT_IDENTIFIER_SOURCES
B07769,RECOVERED
B07779,NO_IDENTIFIER_PHASEA_NOT_ATTEMPTED
B07780,RECOVERED
B07796,NO_IDENTIFIER_PHASEA_NOT_ATTEMPTED
B07802,NO_ABSTRACT_IDENTIFIER_SOURCES
B07807,NO_IDENTIFIER_PHASEA_NOT_ATTEMPTED
B07825,NO_IDENTIFIER_PHASEA_NOT_ATTEMPTED
B07830,NO_ABSTRACT_IDENTIFIER_SOURCES
B07832,NO_ABSTRACT_IDENTIFIER_SOURCES
B07836,NO_IDENTIFIER_PHASEA_NOT_ATTEMPTED
B07848,NO_IDENTIFIER_PHASEA_NOT_ATTEMPTED
B07849,NO_IDENTIFIER_PHASEA_NOT_ATTEMPTED
B07851,NO_ABSTRACT_IDENTIFIER_SOURCES
B07855,RECOVERED
B07890,NO_IDENTIFIER_PHASEA_NOT_ATTEMPTED
B07898,RECOVERED
B07915,NO_IDENTIFIER_PHASEA_NOT_ATTEMPTED
B07932,NO_ABSTRACT_IDENTIFIER_SOURCES
B07965,NO_ABSTRACT_IDENTIFIER_SOURCES
B07968,NO_ABSTRACT_IDENTIFIER_SOURCES
B07978,NO_ABSTRACT_IDENTIFIER_SOURCES
B07984,NO_ABSTRACT_IDENTIFIER_SOURCES
B07997,NO_IDENTIFIER_PHASEA_NOT_ATTEMPTED
B08002,NO_ABSTRACT_IDENTIFIER_SOURCES
B08024,NO_ABSTRACT_IDENTIFIER_SOURCES
B08034,NO_ABSTRACT_IDENTIFIER_SOURCES
B08035,NO_IDENTIFIER_PHASEA_NOT_ATTEMPTED
B08046,NO_ABSTRACT_IDENTIFIER_SOURCES
B08054,NO_ABSTRACT_IDENTIFIER_SOURCES
B08060,NO_IDENTIFIER_PHASEA_NOT_ATTEMPTED
B08065,NO_IDENTIFIER_PHASEA_NOT_ATTEMPTED
B08085,NO_ABSTRACT_IDENTIFIER_SOURCES
B08141,NO_ABSTRACT_IDENTIFIER_SOURCES
B08162,NO_IDENTIFIER_PHASEA_NOT_ATTEMPTED
B08207,NO_IDENTIFIER_PHASEA_NOT_ATTEMPTED
B08226,NO_ABSTRACT_IDENTIFIER_SOURCES
B08243,NO_ABSTRACT_IDENTIFIER_SOURCES
B08256,NO_ABSTRACT_IDENTIFIER_SOURCES
B08280,NO_IDENTIFIER_PHASEA_NOT_ATTEMPTED
B08298,NO_ABSTRACT_IDENTIFIER_SOURCES
B08329,NO_ABSTRACT_IDENTIFIER_SOURCES
B08337,NO_ABSTRACT_IDENTIFIER_SOURCES
B08352,NO_ABSTRACT_IDENTIFIER_SOURCES
B08355,NO_IDENTIFIER_PHASEA_NOT_ATTEMPTED
B08356,NO_IDENTIFIER_PHASEA_NOT_ATTEMPTED
B08358,RECOVERED
B08376,NO_ABSTRACT_IDENTIFIER_SOURCES
B08377,NO_ABSTRACT_IDENTIFIER_SOURCES
B08422,NO_ABSTRACT_IDENTIFIER_SOURCES
B08445,NO_IDENTIFIER_PHASEA_NOT_ATTEMPTED
B08487,NO_IDENTIFIER_PHASEA_NOT_ATTEMPTED
B08493,NO_ABSTRACT_IDENTIFIER_SOURCES
B08494,NO_ABSTRACT_IDENTIFIER_SOURCES
B08495,NO_IDENTIFIER_PHASEA_NOT_ATTEMPTED
B08496,RECOVERED
B08497,NO_IDENTIFIER_PHASEA_NOT_ATTEMPTED
B08500,NO_IDENTIFIER_PHASEA_NOT_ATTEMPTED
B08502,RECOVERED
B08510,NO_IDENTIFIER_PHASEA_NOT_ATTEMPTED
B08533,NO_IDENTIFIER_PHASEA_NOT_ATTEMPTED
B08539,NO_ABSTRACT_IDENTIFIER_SOURCES
B08555,NO_IDENTIFIER_PHASEA_NOT_ATTEMPTED
B08569,NO_ABSTRACT_IDENTIFIER_SOURCES
B08572,NO_IDENTIFIER_PHASEA_NOT_ATTEMPTED
B08590,NO_ABSTRACT_IDENTIFIER_SOURCES
B08592,NO_ABSTRACT_IDENTIFIER_SOURCES
B08604,NO_ABSTRACT_IDENTIFIER_SOURCES
B08612,NO_ABSTRACT_IDENTIFIER_SOURCES
B08613,NO_ABSTRACT_IDENTIFIER_SOURCES
B08619,NO_IDENTIFIER_PHASEA_NOT_ATTEMPTED
B08636,NO_ABSTRACT_IDENTIFIER_SOURCES
B08644,NO_ABSTRACT_IDENTIFIER_SOURCES
B08655,NO_ABSTRACT_IDENTIFIER_SOURCES
B08663,NO_ABSTRACT_IDENTIFIER_SOURCES
B08679,NO_ABSTRACT_IDENTIFIER_SOURCES
B08680,NO_ABSTRACT_IDENTIFIER_SOURCES
B08714,NO_ABSTRACT_IDENTIFIER_SOURCES
B08719,NO_ABSTRACT_IDENTIFIER_SOURCES
B08723,RECOVERED
B08735,NO_IDENTIFIER_PHASEA_NOT_ATTEMPTED
B08738,NO_IDENTIFIER_PHASEA_NOT_ATTEMPTED
B08739,NO_IDENTIFIER_PHASEA_NOT_ATTEMPTED
B08744,NO_IDENTIFIER_PHASEA_NOT_ATTEMPTED
B08764,NO_ABSTRACT_IDENTIFIER_SOURCES
B08793,NO_ABSTRACT_IDENTIFIER_SOURCES
B08795,NO_ABSTRACT_IDENTIFIER_SOURCES
B08796,NO_ABSTRACT_IDENTIFIER_SOURCES
B08797,NO_ABSTRACT_IDENTIFIER_SOURCES
B08801,NO_ABSTRACT_IDENTIFIER_SOURCES
B08858,NO_ABSTRACT_IDENTIFIER_SOURCES
B08868,NO_IDENTIFIER_PHASEA_NOT_ATTEMPTED
B08881,NO_IDENTIFIER_PHASEA_NOT_ATTEMPTED
B08885,NO_ABSTRACT_IDENTIFIER_SOURCES
B08904,RECOVERED
B08910,NO_ABSTRACT_IDENTIFIER_SOURCES
B08911,NO_ABSTRACT_IDENTIFIER_SOURCES
B08912,NO_ABSTRACT_IDENTIFIER_SOURCES
B08913,NO_ABSTRACT_IDENTIFIER_SOURCES
B08914,NO_ABSTRACT_IDENTIFIER_SOURCES
B08980,NO_ABSTRACT_IDENTIFIER_SOURCES
B09009,NO_IDENTIFIER_PHASEA_NOT_ATTEMPTED
B09048,NO_ABSTRACT_IDENTIFIER_SOURCES
B09062,NO_IDENTIFIER_PHASEA_NOT_ATTEMPTED
B09104,NO_ABSTRACT_IDENTIFIER_SOURCES
B09119,NO_ABSTRACT_IDENTIFIER_SOURCES
B09126,NO_ABSTRACT_IDENTIFIER_SOURCES
B09165,NO_ABSTRACT_IDENTIFIER_SOURCES
B09166,NO_ABSTRACT_IDENTIFIER_SOURCES
B09187,NO_IDENTIFIER_PHASEA_NOT_ATTEMPTED
B09189,NO_ABSTRACT_IDENTIFIER_SOURCES
B09191,NO_IDENTIFIER_PHASEA_NOT_ATTEMPTED
B09200,RECOVERED
B09205,NO_ABSTRACT_IDENTIFIER_SOURCES
B09230,NO_ABSTRACT_IDENTIFIER_SOURCES
B09235,NO_ABSTRACT_IDENTIFIER_SOURCES
B09267,NO_ABSTRACT_IDENTIFIER_SOURCES
B09276,NO_ABSTRACT_IDENTIFIER_SOURCES
B09291,NO_ABSTRACT_IDENTIFIER_SOURCES
B09301,RECOVERED
B09322,RECOVERED
B09337,NO_IDENTIFIER_PHASEA_NOT_ATTEMPTED
B09351,NO_ABSTRACT_IDENTIFIER_SOURCES
B09354,NO_ABSTRACT_IDENTIFIER_SOURCES
B09377,NO_ABSTRACT_IDENTIFIER_SOURCES
B09388,NO_IDENTIFIER_PHASEA_NOT_ATTEMPTED
B09402,NO_ABSTRACT_IDENTIFIER_SOURCES
B09406,NO_IDENTIFIER_PHASEA_NOT_ATTEMPTED
B09444,NO_IDENTIFIER_PHASEA_NOT_ATTEMPTED
B09501,NO_ABSTRACT_IDENTIFIER_SOURCES
B09507,RECOVERED
B09533,NO_IDENTIFIER_PHASEA_NOT_ATTEMPTED
B09536,NO_IDENTIFIER_PHASEA_NOT_ATTEMPTED
B09539,NO_ABSTRACT_IDENTIFIER_SOURCES
B09545,RECOVERED
B09547,NO_IDENTIFIER_PHASEA_NOT_ATTEMPTED
B09563,NO_ABSTRACT_IDENTIFIER_SOURCES
B09581,NO_IDENTIFIER_PHASEA_NOT_ATTEMPTED
B09586,NO_IDENTIFIER_PHASEA_NOT_ATTEMPTED
B09602,NO_ABSTRACT_IDENTIFIER_SOURCES
B09604,RECOVERED
B09610,NO_ABSTRACT_IDENTIFIER_SOURCES
B09613,NO_ABSTRACT_IDENTIFIER_SOURCES
B09621,NO_ABSTRACT_IDENTIFIER_SOURCES
B09624,NO_IDENTIFIER_PHASEA_NOT_ATTEMPTED
B09659,NO_IDENTIFIER_PHASEA_NOT_ATTEMPTED
B09673,NO_ABSTRACT_IDENTIFIER_SOURCES
B09675,NO_ABSTRACT_IDENTIFIER_SOURCES
B09676,NO_IDENTIFIER_PHASEA_NOT_ATTEMPTED
B09702,NO_ABSTRACT_IDENTIFIER_SOURCES
B09728,NO_ABSTRACT_IDENTIFIER_SOURCES
B09735,NO_ABSTRACT_IDENTIFIER_SOURCES
B09751,NO_ABSTRACT_IDENTIFIER_SOURCES
B09754,NO_ABSTRACT_IDENTIFIER_SOURCES
B09803,NO_ABSTRACT_IDENTIFIER_SOURCES
B09825,NO_ABSTRACT_IDENTIFIER_SOURCES
B09832,NO_ABSTRACT_IDENTIFIER_SOURCES
B09836,NO_ABSTRACT_IDENTIFIER_SOURCES
B09859,NO_ABSTRACT_IDENTIFIER_SOURCES
B09865,RECOVERED
B09874,NO_ABSTRACT_IDENTIFIER_SOURCES
B09876,RECOVERED
B09910,NO_ABSTRACT_IDENTIFIER_SOURCES
B09917,NO_ABSTRACT_IDENTIFIER_SOURCES
B09925,RECOVERED
B09949,NO_ABSTRACT_IDENTIFIER_SOURCES
B09954,NO_ABSTRACT_IDENTIFIER_SOURCES
B09992,NO_ABSTRACT_IDENTIFIER_SOURCES
B09995,NO_ABSTRACT_IDENTIFIER_SOURCES
B10000,NO_ABSTRACT_IDENTIFIER_SOURCES
B10022,NO_ABSTRACT_IDENTIFIER_SOURCES
B10055,NO_ABSTRACT_IDENTIFIER_SOURCES
B10059,RECOVERED
B10108,NO_IDENTIFIER_PHASEA_NOT_ATTEMPTED
B10125,NO_ABSTRACT_IDENTIFIER_SOURCES
B10146,NO_ABSTRACT_IDENTIFIER_SOURCES
B10150,NO_ABSTRACT_IDENTIFIER_SOURCES
B10158,NO_ABSTRACT_IDENTIFIER_SOURCES
B10161,NO_ABSTRACT_IDENTIFIER_SOURCES
B10163,NO_ABSTRACT_IDENTIFIER_SOURCES
B10165,NO_ABSTRACT_IDENTIFIER_SOURCES
B10169,NO_IDENTIFIER_PHASEA_NOT_ATTEMPTED
B10176,RECOVERED
B10180,NO_ABSTRACT_IDENTIFIER_SOURCES
B10182,NO_ABSTRACT_IDENTIFIER_SOURCES
B10203,NO_IDENTIFIER_PHASEA_NOT_ATTEMPTED
B10208,NO_ABSTRACT_IDENTIFIER_SOURCES
B10214,NO_ABSTRACT_IDENTIFIER_SOURCES
B10220,NO_IDENTIFIER_PHASEA_NOT_ATTEMPTED
B10222,NO_ABSTRACT_IDENTIFIER_SOURCES
B10225,NO_IDENTIFIER_PHASEA_NOT_ATTEMPTED
B10226,NO_ABSTRACT_IDENTIFIER_SOURCES
B10231,NO_ABSTRACT_IDENTIFIER_SOURCES
B10241,NO_ABSTRACT_IDENTIFIER_SOURCES
B10248,NO_ABSTRACT_IDENTIFIER_SOURCES
B10251,NO_ABSTRACT_IDENTIFIER_SOURCES
B10262,NO_ABSTRACT_IDENTIFIER_SOURCES
B10270,NO_ABSTRACT_IDENTIFIER_SOURCES
B10282,NO_ABSTRACT_IDENTIFIER_SOURCES
B10299,NO_ABSTRACT_IDENTIFIER_SOURCES
B10304,NO_ABSTRACT_IDENTIFIER_SOURCES
B10306,NO_IDENTIFIER_PHASEA_NOT_ATTEMPTED
B10307,NO_IDENTIFIER_PHASEA_NOT_ATTEMPTED
B10323,NO_IDENTIFIER_PHASEA_NOT_ATTEMPTED
B10324,NO_IDENTIFIER_PHASEA_NOT_ATTEMPTED
B10325,NO_IDENTIFIER_PHASEA_NOT_ATTEMPTED
B10327,NO_IDENTIFIER_PHASEA_NOT_ATTEMPTED
B10328,NO_IDENTIFIER_PHASEA_NOT_ATTEMPTED
B10330,NO_IDENTIFIER_PHASEA_NOT_ATTEMPTED
B10339,NO_IDENTIFIER_PHASEA_NOT_ATTEMPTED
B10342,RECOVERED
B10343,NO_IDENTIFIER_PHASEA_NOT_ATTEMPTED
B10358,NO_ABSTRACT_IDENTIFIER_SOURCES
B10361,NO_ABSTRACT_IDENTIFIER_SOURCES
B10373,NO_IDENTIFIER_PHASEA_NOT_ATTEMPTED
B10380,NO_ABSTRACT_IDENTIFIER_SOURCES
B10403,NO_IDENTIFIER_PHASEA_NOT_ATTEMPTED
B10405,NO_ABSTRACT_IDENTIFIER_SOURCES
B10434,NO_IDENTIFIER_PHASEA_NOT_ATTEMPTED
B10439,NO_IDENTIFIER_PHASEA_NOT_ATTEMPTED
B10441,RECOVERED
B10448,NO_ABSTRACT_IDENTIFIER_SOURCES
B10453,NO_ABSTRACT_IDENTIFIER_SOURCES
B10454,NO_ABSTRACT_IDENTIFIER_SOURCES
B10455,NO_ABSTRACT_IDENTIFIER_SOURCES
B10495,NO_ABSTRACT_IDENTIFIER_SOURCES
B10497,RECOVERED
B10498,NO_ABSTRACT_IDENTIFIER_SOURCES
B10509,NO_ABSTRACT_IDENTIFIER_SOURCES
B10523,NO_ABSTRACT_IDENTIFIER_SOURCES
B10524,NO_IDENTIFIER_PHASEA_NOT_ATTEMPTED
B10526,NO_IDENTIFIER_PHASEA_NOT_ATTEMPTED
B10540,NO_ABSTRACT_IDENTIFIER_SOURCES
B10542,NO_IDENTIFIER_PHASEA_NOT_ATTEMPTED
B10544,NO_IDENTIFIER_PHASEA_NOT_ATTEMPTED
B10554,NO_ABSTRACT_IDENTIFIER_SOURCES
B10557,NO_IDENTIFIER_PHASEA_NOT_ATTEMPTED
B10569,NO_ABSTRACT_IDENTIFIER_SOURCES
B10571,NO_IDENTIFIER_PHASEA_NOT_ATTEMPTED
B10585,RECOVERED
B10588,NO_IDENTIFIER_PHASEA_NOT_ATTEMPTED
B10613,RECOVERED
B10624,NO_ABSTRACT_IDENTIFIER_SOURCES
B10626,NO_ABSTRACT_IDENTIFIER_SOURCES
B10633,NO_IDENTIFIER_PHASEA_NOT_ATTEMPTED
B10634,NO_ABSTRACT_IDENTIFIER_SOURCES
B10642,NO_ABSTRACT_IDENTIFIER_SOURCES
B10643,NO_IDENTIFIER_PHASEA_NOT_ATTEMPTED
B10648,NO_IDENTIFIER_PHASEA_NOT_ATTEMPTED
B10655,NO_IDENTIFIER_PHASEA_NOT_ATTEMPTED
B10664,NO_IDENTIFIER_PHASEA_NOT_ATTEMPTED
B10667,NO_ABSTRACT_IDENTIFIER_SOURCES
B10692,NO_ABSTRACT_IDENTIFIER_SOURCES
B10719,NO_ABSTRACT_IDENTIFIER_SOURCES
B10727,NO_ABSTRACT_IDENTIFIER_SOURCES
B10731,NO_IDENTIFIER_PHASEA_NOT_ATTEMPTED
B10744,NO_ABSTRACT_IDENTIFIER_SOURCES
B10747,NO_ABSTRACT_IDENTIFIER_SOURCES
B10761,NO_ABSTRACT_IDENTIFIER_SOURCES
B10769,NO_IDENTIFIER_PHASEA_NOT_ATTEMPTED
B10773,NO_ABSTRACT_IDENTIFIER_SOURCES
B10777,NO_ABSTRACT_IDENTIFIER_SOURCES
B10787,NO_IDENTIFIER_PHASEA_NOT_ATTEMPTED
B10791,NO_ABSTRACT_IDENTIFIER_SOURCES
B10793,NO_IDENTIFIER_PHASEA_NOT_ATTEMPTED
B10794,NO_ABSTRACT_IDENTIFIER_SOURCES
B10800,NO_ABSTRACT_IDENTIFIER_SOURCES
B10810,NO_IDENTIFIER_PHASEA_NOT_ATTEMPTED
B10824,NO_ABSTRACT_IDENTIFIER_SOURCES
B10827,NO_ABSTRACT_IDENTIFIER_SOURCES
B10832,NO_IDENTIFIER_PHASEA_NOT_ATTEMPTED
B10842,NO_ABSTRACT_IDENTIFIER_SOURCES
B10850,RECOVERED
B10859,NO_IDENTIFIER_PHASEA_NOT_ATTEMPTED
B10865,NO_ABSTRACT_IDENTIFIER_SOURCES
B10872,NO_ABSTRACT_IDENTIFIER_SOURCES
B10887,NO_ABSTRACT_IDENTIFIER_SOURCES
B10890,NO_ABSTRACT_IDENTIFIER_SOURCES
B10905,NO_IDENTIFIER_PHASEA_NOT_ATTEMPTED
B10935,NO_ABSTRACT_IDENTIFIER_SOURCES
B10947,NO_ABSTRACT_IDENTIFIER_SOURCES
B10968,RECOVERED
B10973,RECOVERED
B10986,NO_IDENTIFIER_PHASEA_NOT_ATTEMPTED
B10988,NO_ABSTRACT_IDENTIFIER_SOURCES
B10995,RECOVERED
B11000,RECOVERED
B11017,NO_IDENTIFIER_PHASEA_NOT_ATTEMPTED
B11031,NO_IDENTIFIER_PHASEA_NOT_ATTEMPTED
B11035,NO_IDENTIFIER_PHASEA_NOT_ATTEMPTED
B11038,NO_IDENTIFIER_PHASEA_NOT_ATTEMPTED
B11041,NO_IDENTIFIER_PHASEA_NOT_ATTEMPTED
B11053,NO_ABSTRACT_IDENTIFIER_SOURCES
B11054,NO_ABSTRACT_IDENTIFIER_SOURCES
B11061,NO_IDENTIFIER_PHASEA_NOT_ATTEMPTED
B11069,NO_IDENTIFIER_PHASEA_NOT_ATTEMPTED
B11073,NO_IDENTIFIER_PHASEA_NOT_ATTEMPTED
B11075,NO_IDENTIFIER_PHASEA_NOT_ATTEMPTED
B11077,NO_IDENTIFIER_PHASEA_NOT_ATTEMPTED
B11081,NO_IDENTIFIER_PHASEA_NOT_ATTEMPTED
B11084,NO_ABSTRACT_IDENTIFIER_SOURCES
B11094,NO_ABSTRACT_IDENTIFIER_SOURCES
B11100,NO_ABSTRACT_IDENTIFIER_SOURCES
B11105,NO_ABSTRACT_IDENTIFIER_SOURCES
B11113,NO_ABSTRACT_IDENTIFIER_SOURCES
B11123,NO_ABSTRACT_IDENTIFIER_SOURCES
B11125,NO_ABSTRACT_IDENTIFIER_SOURCES
B11140,NO_ABSTRACT_IDENTIFIER_SOURCES
B11154,NO_ABSTRACT_IDENTIFIER_SOURCES
B11170,NO_ABSTRACT_IDENTIFIER_SOURCES
B11175,NO_IDENTIFIER_PHASEA_NOT_ATTEMPTED
B11182,NO_IDENTIFIER_PHASEA_NOT_ATTEMPTED
B11193,NO_IDENTIFIER_PHASEA_NOT_ATTEMPTED
B11195,NO_ABSTRACT_IDENTIFIER_SOURCES
B11202,NO_IDENTIFIER_PHASEA_NOT_ATTEMPTED
B11210,NO_ABSTRACT_IDENTIFIER_SOURCES
B11221,NO_IDENTIFIER_PHASEA_NOT_ATTEMPTED
B11226,NO_IDENTIFIER_PHASEA_NOT_ATTEMPTED
B11271,NO_ABSTRACT_IDENTIFIER_SOURCES
B11272,NO_ABSTRACT_IDENTIFIER_SOURCES
B11276,NO_IDENTIFIER_PHASEA_NOT_ATTEMPTED
B11280,NO_IDENTIFIER_PHASEA_NOT_ATTEMPTED
B11287,NO_ABSTRACT_IDENTIFIER_SOURCES
B11291,NO_ABSTRACT_IDENTIFIER_SOURCES
B11296,NO_IDENTIFIER_PHASEA_NOT_ATTEMPTED
B11299,RECOVERED
B11312,NO_ABSTRACT_IDENTIFIER_SOURCES
B11313,NO_ABSTRACT_IDENTIFIER_SOURCES
B11317,NO_IDENTIFIER_PHASEA_NOT_ATTEMPTED
B11341,NO_ABSTRACT_IDENTIFIER_SOURCES
B11352,NO_ABSTRACT_IDENTIFIER_SOURCES
B11361,NO_ABSTRACT_IDENTIFIER_SOURCES
B11362,NO_ABSTRACT_IDENTIFIER_SOURCES
B11373,NO_ABSTRACT_IDENTIFIER_SOURCES
B11377,NO_IDENTIFIER_PHASEA_NOT_ATTEMPTED
B11379,NO_ABSTRACT_IDENTIFIER_SOURCES
B11386,NO_IDENTIFIER_PHASEA_NOT_ATTEMPTED
B11396,NO_IDENTIFIER_PHASEA_NOT_ATTEMPTED
B11397,NO_IDENTIFIER_PHASEA_NOT_ATTEMPTED
B11398,NO_IDENTIFIER_PHASEA_NOT_ATTEMPTED
B11400,NO_IDENTIFIER_PHASEA_NOT_ATTEMPTED
B11406,NO_IDENTIFIER_PHASEA_NOT_ATTEMPTED
B11414,RECOVERED
B11420,NO_ABSTRACT_IDENTIFIER_SOURCES
B11433,NO_ABSTRACT_IDENTIFIER_SOURCES
B11436,RECOVERED
B11442,NO_ABSTRACT_IDENTIFIER_SOURCES
B11443,NO_ABSTRACT_IDENTIFIER_SOURCES
B11455,NO_IDENTIFIER_PHASEA_NOT_ATTEMPTED
B11465,NO_IDENTIFIER_PHASEA_NOT_ATTEMPTED
B11480,NO_ABSTRACT_IDENTIFIER_SOURCES
B11481,NO_IDENTIFIER_PHASEA_NOT_ATTEMPTED
B11482,NO_IDENTIFIER_PHASEA_NOT_ATTEMPTED
B11483,NO_IDENTIFIER_PHASEA_NOT_ATTEMPTED
B11484,NO_ABSTRACT_IDENTIFIER_SOURCES
B11502,NO_ABSTRACT_IDENTIFIER_SOURCES
B11506,NO_ABSTRACT_IDENTIFIER_SOURCES
B11512,NO_IDENTIFIER_PHASEA_NOT_ATTEMPTED
B11530,NO_IDENTIFIER_PHASEA_NOT_ATTEMPTED
B11531,NO_IDENTIFIER_PHASEA_NOT_ATTEMPTED
B11537,NO_ABSTRACT_IDENTIFIER_SOURCES
B11539,NO_ABSTRACT_IDENTIFIER_SOURCES
B11540,NO_ABSTRACT_IDENTIFIER_SOURCES
B11549,NO_ABSTRACT_IDENTIFIER_SOURCES
B11554,NO_ABSTRACT_IDENTIFIER_SOURCES
B11557,NO_IDENTIFIER_PHASEA_NOT_ATTEMPTED
B11559,NO_IDENTIFIER_PHASEA_NOT_ATTEMPTED
B11570,NO_ABSTRACT_IDENTIFIER_SOURCES
B11573,NO_ABSTRACT_IDENTIFIER_SOURCES
B11575,NO_IDENTIFIER_PHASEA_NOT_ATTEMPTED
B11585,NO_ABSTRACT_IDENTIFIER_SOURCES
B11587,NO_ABSTRACT_IDENTIFIER_SOURCES
B11592,NO_ABSTRACT_IDENTIFIER_SOURCES
B11598,NO_ABSTRACT_IDENTIFIER_SOURCES
B11608,NO_IDENTIFIER_PHASEA_NOT_ATTEMPTED
B11612,NO_IDENTIFIER_PHASEA_NOT_ATTEMPTED
B11615,NO_ABSTRACT_IDENTIFIER_SOURCES
B11616,NO_ABSTRACT_IDENTIFIER_SOURCES
B11618,NO_ABSTRACT_IDENTIFIER_SOURCES
B11623,NO_IDENTIFIER_PHASEA_NOT_ATTEMPTED
B11627,NO_IDENTIFIER_PHASEA_NOT_ATTEMPTED
B11631,NO_IDENTIFIER_PHASEA_NOT_ATTEMPTED
B11646,NO_ABSTRACT_IDENTIFIER_SOURCES
B11682,NO_ABSTRACT_IDENTIFIER_SOURCES
B11683,NO_IDENTIFIER_PHASEA_NOT_ATTEMPTED
B11685,NO_IDENTIFIER_PHASEA_NOT_ATTEMPTED
B11687,NO_IDENTIFIER_PHASEA_NOT_ATTEMPTED
B11691,NO_IDENTIFIER_PHASEA_NOT_ATTEMPTED
B11693,NO_ABSTRACT_IDENTIFIER_SOURCES
B11697,NO_IDENTIFIER_PHASEA_NOT_ATTEMPTED
B11704,NO_ABSTRACT_IDENTIFIER_SOURCES
B11706,NO_IDENTIFIER_PHASEA_NOT_ATTEMPTED
B11707,NO_ABSTRACT_IDENTIFIER_SOURCES
B11709,NO_ABSTRACT_IDENTIFIER_SOURCES
B11714,NO_ABSTRACT_IDENTIFIER_SOURCES
B11724,NO_IDENTIFIER_PHASEA_NOT_ATTEMPTED
B11729,NO_ABSTRACT_IDENTIFIER_SOURCES
B11731,NO_ABSTRACT_IDENTIFIER_SOURCES
B11741,NO_ABSTRACT_IDENTIFIER_SOURCES
B11745,NO_IDENTIFIER_PHASEA_NOT_ATTEMPTED
B11746,NO_ABSTRACT_IDENTIFIER_SOURCES
B11753,NO_IDENTIFIER_PHASEA_NOT_ATTEMPTED
B11762,NO_IDENTIFIER_PHASEA_NOT_ATTEMPTED
B11763,NO_IDENTIFIER_PHASEA_NOT_ATTEMPTED
B11777,NO_ABSTRACT_IDENTIFIER_SOURCES
B11778,NO_IDENTIFIER_PHASEA_NOT_ATTEMPTED
B11779,NO_ABSTRACT_IDENTIFIER_SOURCES
B11787,NO_IDENTIFIER_PHASEA_NOT_ATTEMPTED
B11791,RECOVERED
B11793,NO_ABSTRACT_IDENTIFIER_SOURCES
B11812,NO_ABSTRACT_IDENTIFIER_SOURCES
B11813,NO_ABSTRACT_IDENTIFIER_SOURCES
B11815,NO_IDENTIFIER_PHASEA_NOT_ATTEMPTED
B11820,NO_ABSTRACT_IDENTIFIER_SOURCES
B11823,NO_ABSTRACT_IDENTIFIER_SOURCES
B11835,NO_ABSTRACT_IDENTIFIER_SOURCES
B11852,NO_ABSTRACT_IDENTIFIER_SOURCES
B11865,NO_IDENTIFIER_PHASEA_NOT_ATTEMPTED
B11868,NO_IDENTIFIER_PHASEA_NOT_ATTEMPTED
B11870,NO_ABSTRACT_IDENTIFIER_SOURCES
B11878,NO_IDENTIFIER_PHASEA_NOT_ATTEMPTED
B11900,NO_IDENTIFIER_PHASEA_NOT_ATTEMPTED
B11902,NO_IDENTIFIER_PHASEA_NOT_ATTEMPTED
B11918,NO_ABSTRACT_IDENTIFIER_SOURCES
B11920,NO_IDENTIFIER_PHASEA_NOT_ATTEMPTED
B11921,NO_IDENTIFIER_PHASEA_NOT_ATTEMPTED
B11922,NO_IDENTIFIER_PHASEA_NOT_ATTEMPTED
B11924,NO_ABSTRACT_IDENTIFIER_SOURCES
B11949,NO_ABSTRACT_IDENTIFIER_SOURCES
B11950,NO_ABSTRACT_IDENTIFIER_SOURCES
B11969,NO_IDENTIFIER_PHASEA_NOT_ATTEMPTED
B11993,NO_IDENTIFIER_PHASEA_NOT_ATTEMPTED
B11994,NO_IDENTIFIER_PHASEA_NOT_ATTEMPTED
B11995,NO_ABSTRACT_IDENTIFIER_SOURCES
B12000,NO_IDENTIFIER_PHASEA_NOT_ATTEMPTED
B12023,NO_IDENTIFIER_PHASEA_NOT_ATTEMPTED
B12035,NO_ABSTRACT_IDENTIFIER_SOURCES
B12036,RECOVERED
B12040,NO_ABSTRACT_IDENTIFIER_SOURCES
B12044,NO_ABSTRACT_IDENTIFIER_SOURCES
B12047,NO_IDENTIFIER_PHASEA_NOT_ATTEMPTED
B12048,NO_ABSTRACT_IDENTIFIER_SOURCES
B12051,NO_IDENTIFIER_PHASEA_NOT_ATTEMPTED
B12055,NO_ABSTRACT_IDENTIFIER_SOURCES
B12057,NO_ABSTRACT_IDENTIFIER_SOURCES
B12065,NO_IDENTIFIER_PHASEA_NOT_ATTEMPTED
B12073,NO_ABSTRACT_IDENTIFIER_SOURCES
B12077,RECOVERED
B12090,NO_ABSTRACT_IDENTIFIER_SOURCES
B12109,NO_ABSTRACT_IDENTIFIER_SOURCES
B12115,RECOVERED
B12121,NO_ABSTRACT_IDENTIFIER_SOURCES
B12136,RECOVERED
B12145,RECOVERED
B12158,NO_ABSTRACT_IDENTIFIER_SOURCES
B12164,NO_ABSTRACT_IDENTIFIER_SOURCES
B12180,NO_IDENTIFIER_PHASEA_NOT_ATTEMPTED
B12184,NO_IDENTIFIER_PHASEA_NOT_ATTEMPTED
B12192,NO_IDENTIFIER_PHASEA_NOT_ATTEMPTED
B12193,NO_IDENTIFIER_PHASEA_NOT_ATTEMPTED
B12195,NO_ABSTRACT_IDENTIFIER_SOURCES
B12217,NO_ABSTRACT_IDENTIFIER_SOURCES
B12226,NO_IDENTIFIER_PHASEA_NOT_ATTEMPTED
B12228,NO_IDENTIFIER_PHASEA_NOT_ATTEMPTED
B12238,NO_IDENTIFIER_PHASEA_NOT_ATTEMPTED
B12243,NO_IDENTIFIER_PHASEA_NOT_ATTEMPTED
B12244,NO_IDENTIFIER_PHASEA_NOT_ATTEMPTED
B12246,NO_ABSTRACT_IDENTIFIER_SOURCES
B12249,NO_ABSTRACT_IDENTIFIER_SOURCES
B12250,NO_IDENTIFIER_PHASEA_NOT_ATTEMPTED
B12251,RECOVERED
B12259,NO_ABSTRACT_IDENTIFIER_SOURCES
B12260,NO_ABSTRACT_IDENTIFIER_SOURCES
B12261,NO_ABSTRACT_IDENTIFIER_SOURCES
B12276,RECOVERED
B12277,NO_ABSTRACT_IDENTIFIER_SOURCES
B12294,NO_ABSTRACT_IDENTIFIER_SOURCES
B12296,NO_ABSTRACT_IDENTIFIER_SOURCES
B12299,NO_IDENTIFIER_PHASEA_NOT_ATTEMPTED
B12300,RECOVERED
B12309,NO_IDENTIFIER_PHASEA_NOT_ATTEMPTED
B12316,NO_ABSTRACT_IDENTIFIER_SOURCES
B12327,NO_IDENTIFIER_PHASEA_NOT_ATTEMPTED
B12331,NO_ABSTRACT_IDENTIFIER_SOURCES
B12334,NO_ABSTRACT_IDENTIFIER_SOURCES
B12336,RECOVERED
B12349,RECOVERED
B12350,NO_ABSTRACT_IDENTIFIER_SOURCES
B12351,NO_IDENTIFIER_PHASEA_NOT_ATTEMPTED
B12355,NO_IDENTIFIER_PHASEA_NOT_ATTEMPTED
B12356,NO_IDENTIFIER_PHASEA_NOT_ATTEMPTED
B12370,NO_IDENTIFIER_PHASEA_NOT_ATTEMPTED
B12375,NO_IDENTIFIER_PHASEA_NOT_ATTEMPTED
B12376,RECOVERED
B12377,NO_ABSTRACT_IDENTIFIER_SOURCES
B12378,NO_ABSTRACT_IDENTIFIER_SOURCES
B12379,NO_IDENTIFIER_PHASEA_NOT_ATTEMPTED
B12388,NO_ABSTRACT_IDENTIFIER_SOURCES
B12395,NO_ABSTRACT_IDENTIFIER_SOURCES
B12399,NO_ABSTRACT_IDENTIFIER_SOURCES
B12400,NO_ABSTRACT_IDENTIFIER_SOURCES
B12402,NO_ABSTRACT_IDENTIFIER_SOURCES
B12403,NO_IDENTIFIER_PHASEA_NOT_ATTEMPTED
B12407,NO_ABSTRACT_IDENTIFIER_SOURCES
B12409,NO_ABSTRACT_IDENTIFIER_SOURCES
B12416,RECOVERED
B12418,NO_IDENTIFIER_PHASEA_NOT_ATTEMPTED
B12419,NO_IDENTIFIER_PHASEA_NOT_ATTEMPTED
B12436,NO_IDENTIFIER_PHASEA_NOT_ATTEMPTED
B12437,NO_ABSTRACT_IDENTIFIER_SOURCES
B12442,NO_IDENTIFIER_PHASEA_NOT_ATTEMPTED
B12443,NO_IDENTIFIER_PHASEA_NOT_ATTEMPTED
B12445,NO_IDENTIFIER_PHASEA_NOT_ATTEMPTED
B12450,NO_IDENTIFIER_PHASEA_NOT_ATTEMPTED
B12451,NO_IDENTIFIER_PHASEA_NOT_ATTEMPTED
B12453,NO_ABSTRACT_IDENTIFIER_SOURCES
B12454,RECOVERED
B12456,RECOVERED
B12466,NO_ABSTRACT_IDENTIFIER_SOURCES
B12470,NO_ABSTRACT_IDENTIFIER_SOURCES
B12481,NO_IDENTIFIER_PHASEA_NOT_ATTEMPTED
B12482,NO_IDENTIFIER_PHASEA_NOT_ATTEMPTED
B12484,NO_ABSTRACT_IDENTIFIER_SOURCES
B12485,NO_ABSTRACT_IDENTIFIER_SOURCES
B12486,NO_IDENTIFIER_PHASEA_NOT_ATTEMPTED
B12493,NO_ABSTRACT_IDENTIFIER_SOURCES
B12494,NO_ABSTRACT_IDENTIFIER_SOURCES
B12495,NO_ABSTRACT_IDENTIFIER_SOURCES
B12496,NO_ABSTRACT_IDENTIFIER_SOURCES
B12515,NO_ABSTRACT_IDENTIFIER_SOURCES
B12520,NO_ABSTRACT_IDENTIFIER_SOURCES
B12521,NO_ABSTRACT_IDENTIFIER_SOURCES
B12522,NO_IDENTIFIER_PHASEA_NOT_ATTEMPTED
B12529,NO_IDENTIFIER_PHASEA_NOT_ATTEMPTED
B12532,NO_IDENTIFIER_PHASEA_NOT_ATTEMPTED
B12534,NO_IDENTIFIER_PHASEA_NOT_ATTEMPTED
B12538,NO_ABSTRACT_IDENTIFIER_SOURCES
B12543,RECOVERED
B12545,RECOVERED
B12558,NO_IDENTIFIER_PHASEA_NOT_ATTEMPTED
B12567,NO_ABSTRACT_IDENTIFIER_SOURCES
B12580,NO_IDENTIFIER_PHASEA_NOT_ATTEMPTED
B12581,NO_ABSTRACT_IDENTIFIER_SOURCES
B12582,NO_ABSTRACT_IDENTIFIER_SOURCES
B12595,NO_IDENTIFIER_PHASEA_NOT_ATTEMPTED
B12601,NO_ABSTRACT_IDENTIFIER_SOURCES
B12610,NO_IDENTIFIER_PHASEA_NOT_ATTEMPTED
B12620,NO_IDENTIFIER_PHASEA_NOT_ATTEMPTED
B12621,NO_IDENTIFIER_PHASEA_NOT_ATTEMPTED
B12626,NO_ABSTRACT_IDENTIFIER_SOURCES
B12628,NO_IDENTIFIER_PHASEA_NOT_ATTEMPTED
B12635,NO_ABSTRACT_IDENTIFIER_SOURCES
B12638,NO_ABSTRACT_IDENTIFIER_SOURCES
B12642,NO_IDENTIFIER_PHASEA_NOT_ATTEMPTED
B12652,NO_IDENTIFIER_PHASEA_NOT_ATTEMPTED
B12671,NO_IDENTIFIER_PHASEA_NOT_ATTEMPTED
B12672,NO_ABSTRACT_IDENTIFIER_SOURCES
B12678,NO_IDENTIFIER_PHASEA_NOT_ATTEMPTED
B12687,RECOVERED
B12693,NO_IDENTIFIER_PHASEA_NOT_ATTEMPTED
B12700,NO_IDENTIFIER_PHASEA_NOT_ATTEMPTED
B12705,NO_IDENTIFIER_PHASEA_NOT_ATTEMPTED
B12713,NO_IDENTIFIER_PHASEA_NOT_ATTEMPTED
B12714,NO_IDENTIFIER_PHASEA_NOT_ATTEMPTED
B12724,NO_IDENTIFIER_PHASEA_NOT_ATTEMPTED
B12726,NO_ABSTRACT_IDENTIFIER_SOURCES
B12728,RECOVERED
B12736,NO_ABSTRACT_IDENTIFIER_SOURCES
B12743,NO_IDENTIFIER_PHASEA_NOT_ATTEMPTED
B12747,NO_ABSTRACT_IDENTIFIER_SOURCES
B12754,NO_ABSTRACT_IDENTIFIER_SOURCES
B12766,NO_ABSTRACT_IDENTIFIER_SOURCES
B12768,NO_IDENTIFIER_PHASEA_NOT_ATTEMPTED
B12770,NO_ABSTRACT_IDENTIFIER_SOURCES
B12772,RECOVERED
B12776,NO_ABSTRACT_IDENTIFIER_SOURCES
B12777,NO_IDENTIFIER_PHASEA_NOT_ATTEMPTED
B12778,NO_IDENTIFIER_PHASEA_NOT_ATTEMPTED
B12781,NO_ABSTRACT_IDENTIFIER_SOURCES
B12787,NO_IDENTIFIER_PHASEA_NOT_ATTEMPTED
B12803,NO_ABSTRACT_IDENTIFIER_SOURCES
B12806,NO_ABSTRACT_IDENTIFIER_SOURCES
B12807,NO_ABSTRACT_IDENTIFIER_SOURCES
B12808,RECOVERED
B12809,NO_IDENTIFIER_PHASEA_NOT_ATTEMPTED
B12817,NO_IDENTIFIER_PHASEA_NOT_ATTEMPTED
B12825,NO_IDENTIFIER_PHASEA_NOT_ATTEMPTED
B12827,RECOVERED
B12844,NO_ABSTRACT_IDENTIFIER_SOURCES
B12846,NO_IDENTIFIER_PHASEA_NOT_ATTEMPTED
B12847,NO_ABSTRACT_IDENTIFIER_SOURCES
B12849,NO_IDENTIFIER_PHASEA_NOT_ATTEMPTED
B12853,NO_IDENTIFIER_PHASEA_NOT_ATTEMPTED
B12854,NO_ABSTRACT_IDENTIFIER_SOURCES
B12856,NO_IDENTIFIER_PHASEA_NOT_ATTEMPTED
B12867,NO_ABSTRACT_IDENTIFIER_SOURCES
B12880,NO_IDENTIFIER_PHASEA_NOT_ATTEMPTED
B12881,NO_IDENTIFIER_PHASEA_NOT_ATTEMPTED
B12884,NO_IDENTIFIER_PHASEA_NOT_ATTEMPTED
B12886,NO_ABSTRACT_IDENTIFIER_SOURCES
B12887,NO_IDENTIFIER_PHASEA_NOT_ATTEMPTED
B12892,NO_IDENTIFIER_PHASEA_NOT_ATTEMPTED
B12899,NO_ABSTRACT_IDENTIFIER_SOURCES
B12908,NO_ABSTRACT_IDENTIFIER_SOURCES
B12909,NO_IDENTIFIER_PHASEA_NOT_ATTEMPTED
B12928,NO_IDENTIFIER_PHASEA_NOT_ATTEMPTED
B12937,NO_ABSTRACT_IDENTIFIER_SOURCES
B12940,NO_IDENTIFIER_PHASEA_NOT_ATTEMPTED
B12944,NO_ABSTRACT_IDENTIFIER_SOURCES
B12951,NO_ABSTRACT_IDENTIFIER_SOURCES
B12956,NO_ABSTRACT_IDENTIFIER_SOURCES
B12959,NO_ABSTRACT_IDENTIFIER_SOURCES
B12961,RECOVERED
B12969,NO_ABSTRACT_IDENTIFIER_SOURCES
B12973,NO_IDENTIFIER_PHASEA_NOT_ATTEMPTED
B12982,NO_IDENTIFIER_PHASEA_NOT_ATTEMPTED
B12985,NO_ABSTRACT_IDENTIFIER_SOURCES
B12994,NO_IDENTIFIER_PHASEA_NOT_ATTEMPTED
B12996,NO_IDENTIFIER_PHASEA_NOT_ATTEMPTED
B13016,NO_IDENTIFIER_PHASEA_NOT_ATTEMPTED
B13018,NO_ABSTRACT_IDENTIFIER_SOURCES
B13031,NO_ABSTRACT_IDENTIFIER_SOURCES
B13034,NO_IDENTIFIER_PHASEA_NOT_ATTEMPTED
B13036,NO_IDENTIFIER_PHASEA_NOT_ATTEMPTED
B13046,NO_IDENTIFIER_PHASEA_NOT_ATTEMPTED
B13054,NO_IDENTIFIER_PHASEA_NOT_ATTEMPTED
B13056,NO_IDENTIFIER_PHASEA_NOT_ATTEMPTED
B13057,NO_ABSTRACT_IDENTIFIER_SOURCES
B13058,NO_IDENTIFIER_PHASEA_NOT_ATTEMPTED
B13064,NO_IDENTIFIER_PHASEA_NOT_ATTEMPTED
B13075,NO_IDENTIFIER_PHASEA_NOT_ATTEMPTED
B13077,NO_ABSTRACT_IDENTIFIER_SOURCES
B13086,NO_ABSTRACT_IDENTIFIER_SOURCES
B13094,NO_ABSTRACT_IDENTIFIER_SOURCES
B13097,NO_ABSTRACT_IDENTIFIER_SOURCES
B13101,NO_IDENTIFIER_PHASEA_NOT_ATTEMPTED
B13103,NO_IDENTIFIER_PHASEA_NOT_ATTEMPTED
B13108,NO_ABSTRACT_IDENTIFIER_SOURCES
B13138,NO_IDENTIFIER_PHASEA_NOT_ATTEMPTED
B13148,NO_IDENTIFIER_PHASEA_NOT_ATTEMPTED
B13151,NO_ABSTRACT_IDENTIFIER_SOURCES
B13152,NO_ABSTRACT_IDENTIFIER_SOURCES
B13153,NO_IDENTIFIER_PHASEA_NOT_ATTEMPTED
B13164,NO_ABSTRACT_IDENTIFIER_SOURCES
B13165,NO_ABSTRACT_IDENTIFIER_SOURCES
B13167,NO_IDENTIFIER_PHASEA_NOT_ATTEMPTED
B13175,NO_IDENTIFIER_PHASEA_NOT_ATTEMPTED
B13185,NO_ABSTRACT_IDENTIFIER_SOURCES
B13187,NO_ABSTRACT_IDENTIFIER_SOURCES
B13197,NO_IDENTIFIER_PHASEA_NOT_ATTEMPTED
B13200,NO_ABSTRACT_IDENTIFIER_SOURCES
B13207,NO_IDENTIFIER_PHASEA_NOT_ATTEMPTED
B13210,NO_ABSTRACT_IDENTIFIER_SOURCES
B13213,NO_ABSTRACT_IDENTIFIER_SOURCES
B13215,NO_IDENTIFIER_PHASEA_NOT_ATTEMPTED
B13216,NO_IDENTIFIER_PHASEA_NOT_ATTEMPTED
B13228,RECOVERED
B13233,NO_ABSTRACT_IDENTIFIER_SOURCES
B13236,NO_ABSTRACT_IDENTIFIER_SOURCES
B13237,NO_IDENTIFIER_PHASEA_NOT_ATTEMPTED
B13240,NO_ABSTRACT_IDENTIFIER_SOURCES
B13241,NO_ABSTRACT_IDENTIFIER_SOURCES
B13242,NO_ABSTRACT_IDENTIFIER_SOURCES
B13243,NO_ABSTRACT_IDENTIFIER_SOURCES
B13249,NO_IDENTIFIER_PHASEA_NOT_ATTEMPTED
B13250,NO_IDENTIFIER_PHASEA_NOT_ATTEMPTED
B13251,NO_IDENTIFIER_PHASEA_NOT_ATTEMPTED
B13254,NO_ABSTRACT_IDENTIFIER_SOURCES
B13258,NO_ABSTRACT_IDENTIFIER_SOURCES
B13260,NO_ABSTRACT_IDENTIFIER_SOURCES
B13261,NO_ABSTRACT_IDENTIFIER_SOURCES
B13266,NO_ABSTRACT_IDENTIFIER_SOURCES
B13281,NO_IDENTIFIER_PHASEA_NOT_ATTEMPTED
B13284,NO_IDENTIFIER_PHASEA_NOT_ATTEMPTED
B13287,NO_ABSTRACT_IDENTIFIER_SOURCES
B13303,NO_ABSTRACT_IDENTIFIER_SOURCES
B13309,NO_ABSTRACT_IDENTIFIER_SOURCES
B13313,NO_ABSTRACT_IDENTIFIER_SOURCES
B13317,NO_ABSTRACT_IDENTIFIER_SOURCES
B13318,NO_IDENTIFIER_PHASEA_NOT_ATTEMPTED
B13326,NO_ABSTRACT_IDENTIFIER_SOURCES
B13335,NO_ABSTRACT_IDENTIFIER_SOURCES
B13343,NO_ABSTRACT_IDENTIFIER_SOURCES
B13345,NO_IDENTIFIER_PHASEA_NOT_ATTEMPTED
B13346,NO_IDENTIFIER_PHASEA_NOT_ATTEMPTED
B13350,NO_IDENTIFIER_PHASEA_NOT_ATTEMPTED
B13355,NO_ABSTRACT_IDENTIFIER_SOURCES
B13356,NO_IDENTIFIER_PHASEA_NOT_ATTEMPTED
B13364,NO_ABSTRACT_IDENTIFIER_SOURCES
B13366,NO_IDENTIFIER_PHASEA_NOT_ATTEMPTED
B13369,NO_IDENTIFIER_PHASEA_NOT_ATTEMPTED
B13373,NO_ABSTRACT_IDENTIFIER_SOURCES
B13374,NO_ABSTRACT_IDENTIFIER_SOURCES
B13379,NO_IDENTIFIER_PHASEA_NOT_ATTEMPTED
B13385,NO_IDENTIFIER_PHASEA_NOT_ATTEMPTED
B13391,NO_ABSTRACT_IDENTIFIER_SOURCES
B13396,NO_ABSTRACT_IDENTIFIER_SOURCES
B13398,NO_IDENTIFIER_PHASEA_NOT_ATTEMPTED
B13405,NO_IDENTIFIER_PHASEA_NOT_ATTEMPTED
B13406,NO_ABSTRACT_IDENTIFIER_SOURCES
B13407,NO_IDENTIFIER_PHASEA_NOT_ATTEMPTED
B13408,NO_IDENTIFIER_PHASEA_NOT_ATTEMPTED
B13412,NO_IDENTIFIER_PHASEA_NOT_ATTEMPTED
B13423,NO_ABSTRACT_IDENTIFIER_SOURCES
B13425,NO_IDENTIFIER_PHASEA_NOT_ATTEMPTED
B13426,NO_IDENTIFIER_PHASEA_NOT_ATTEMPTED
B13433,NO_ABSTRACT_IDENTIFIER_SOURCES
B13434,NO_ABSTRACT_IDENTIFIER_SOURCES
B13435,NO_ABSTRACT_IDENTIFIER_SOURCES
B13436,NO_ABSTRACT_IDENTIFIER_SOURCES
B13437,RECOVERED
B13441,NO_ABSTRACT_IDENTIFIER_SOURCES
B13444,RECOVERED
B13457,NO_IDENTIFIER_PHASEA_NOT_ATTEMPTED
B13461,NO_ABSTRACT_IDENTIFIER_SOURCES
B13469,NO_ABSTRACT_IDENTIFIER_SOURCES
B13470,NO_ABSTRACT_IDENTIFIER_SOURCES
B13471,NO_IDENTIFIER_PHASEA_NOT_ATTEMPTED
B13473,NO_ABSTRACT_IDENTIFIER_SOURCES
B13482,NO_IDENTIFIER_PHASEA_NOT_ATTEMPTED
B13486,NO_ABSTRACT_IDENTIFIER_SOURCES
B13503,NO_ABSTRACT_IDENTIFIER_SOURCES
B13504,NO_IDENTIFIER_PHASEA_NOT_ATTEMPTED
B13515,RECOVERED
B13516,NO_IDENTIFIER_PHASEA_NOT_ATTEMPTED
B13519,NO_IDENTIFIER_PHASEA_NOT_ATTEMPTED
B13523,NO_IDENTIFIER_PHASEA_NOT_ATTEMPTED
B13526,NO_IDENTIFIER_PHASEA_NOT_ATTEMPTED
B13540,NO_ABSTRACT_IDENTIFIER_SOURCES
B13546,NO_ABSTRACT_IDENTIFIER_SOURCES
B13572,NO_ABSTRACT_IDENTIFIER_SOURCES
B13580,NO_ABSTRACT_IDENTIFIER_SOURCES
B13591,NO_IDENTIFIER_PHASEA_NOT_ATTEMPTED
B13592,NO_IDENTIFIER_PHASEA_NOT_ATTEMPTED
B13594,NO_IDENTIFIER_PHASEA_NOT_ATTEMPTED
B13597,NO_IDENTIFIER_PHASEA_NOT_ATTEMPTED
B13598,NO_IDENTIFIER_PHASEA_NOT_ATTEMPTED
B13609,NO_IDENTIFIER_PHASEA_NOT_ATTEMPTED
B13610,NO_ABSTRACT_IDENTIFIER_SOURCES
B13620,NO_ABSTRACT_IDENTIFIER_SOURCES
B13625,NO_ABSTRACT_IDENTIFIER_SOURCES
B13627,NO_ABSTRACT_IDENTIFIER_SOURCES
B13629,NO_ABSTRACT_IDENTIFIER_SOURCES
B13640,NO_IDENTIFIER_PHASEA_NOT_ATTEMPTED
B13649,NO_IDENTIFIER_PHASEA_NOT_ATTEMPTED
B13655,NO_ABSTRACT_IDENTIFIER_SOURCES
B13656,NO_ABSTRACT_IDENTIFIER_SOURCES
B13660,NO_ABSTRACT_IDENTIFIER_SOURCES
B13662,NO_IDENTIFIER_PHASEA_NOT_ATTEMPTED
B13664,NO_IDENTIFIER_PHASEA_NOT_ATTEMPTED
B13667,NO_IDENTIFIER_PHASEA_NOT_ATTEMPTED
B13670,NO_ABSTRACT_IDENTIFIER_SOURCES
B13672,NO_ABSTRACT_IDENTIFIER_SOURCES
B13675,NO_IDENTIFIER_PHASEA_NOT_ATTEMPTED
B13686,NO_ABSTRACT_IDENTIFIER_SOURCES
B13688,NO_IDENTIFIER_PHASEA_NOT_ATTEMPTED
B13691,RECOVERED
B13693,NO_IDENTIFIER_PHASEA_NOT_ATTEMPTED
B13696,NO_IDENTIFIER_PHASEA_NOT_ATTEMPTED
B13697,NO_IDENTIFIER_PHASEA_NOT_ATTEMPTED
B13704,NO_ABSTRACT_IDENTIFIER_SOURCES
B13708,NO_ABSTRACT_IDENTIFIER_SOURCES
B13716,NO_IDENTIFIER_PHASEA_NOT_ATTEMPTED
B13717,NO_IDENTIFIER_PHASEA_NOT_ATTEMPTED
B13720,NO_IDENTIFIER_PHASEA_NOT_ATTEMPTED
B13723,NO_IDENTIFIER_PHASEA_NOT_ATTEMPTED
B13735,NO_ABSTRACT_IDENTIFIER_SOURCES
B13738,NO_IDENTIFIER_PHASEA_NOT_ATTEMPTED
B13743,NO_ABSTRACT_IDENTIFIER_SOURCES
B13744,NO_ABSTRACT_IDENTIFIER_SOURCES
B13746,NO_ABSTRACT_IDENTIFIER_SOURCES
B13749,NO_ABSTRACT_IDENTIFIER_SOURCES
B13754,NO_IDENTIFIER_PHASEA_NOT_ATTEMPTED
B13758,NO_IDENTIFIER_PHASEA_NOT_ATTEMPTED
B13760,NO_IDENTIFIER_PHASEA_NOT_ATTEMPTED
B13764,NO_ABSTRACT_IDENTIFIER_SOURCES
B13775,NO_ABSTRACT_IDENTIFIER_SOURCES
B13776,RECOVERED
B13784,NO_IDENTIFIER_PHASEA_NOT_ATTEMPTED
B13790,NO_ABSTRACT_IDENTIFIER_SOURCES
B13796,NO_IDENTIFIER_PHASEA_NOT_ATTEMPTED
B13799,NO_IDENTIFIER_PHASEA_NOT_ATTEMPTED
B13801,NO_IDENTIFIER_PHASEA_NOT_ATTEMPTED
B13806,NO_IDENTIFIER_PHASEA_NOT_ATTEMPTED
B13831,NO_IDENTIFIER_PHASEA_NOT_ATTEMPTED
B13855,NO_ABSTRACT_IDENTIFIER_SOURCES
B13869,NO_ABSTRACT_IDENTIFIER_SOURCES
B13873,NO_IDENTIFIER_PHASEA_NOT_ATTEMPTED
B13874,NO_ABSTRACT_IDENTIFIER_SOURCES
B13887,NO_ABSTRACT_IDENTIFIER_SOURCES
B13903,RECOVERED
B13905,NO_IDENTIFIER_PHASEA_NOT_ATTEMPTED
B13907,NO_IDENTIFIER_PHASEA_NOT_ATTEMPTED
B13916,RECOVERED
B13937,NO_ABSTRACT_IDENTIFIER_SOURCES
B13938,RECOVERED
B13945,NO_ABSTRACT_IDENTIFIER_SOURCES
B13956,NO_ABSTRACT_IDENTIFIER_SOURCES
B13968,NO_IDENTIFIER_PHASEA_NOT_ATTEMPTED
B13980,NO_ABSTRACT_IDENTIFIER_SOURCES
B14003,NO_ABSTRACT_IDENTIFIER_SOURCES
B14007,NO_IDENTIFIER_PHASEA_NOT_ATTEMPTED
B14011,NO_ABSTRACT_IDENTIFIER_SOURCES
B14013,NO_IDENTIFIER_PHASEA_NOT_ATTEMPTED
B14017,RECOVERED
B14019,NO_IDENTIFIER_PHASEA_NOT_ATTEMPTED
B14045,NO_ABSTRACT_IDENTIFIER_SOURCES
B14072,NO_ABSTRACT_IDENTIFIER_SOURCES
B14103,NO_IDENTIFIER_PHASEA_NOT_ATTEMPTED
B14106,NO_ABSTRACT_IDENTIFIER_SOURCES
B14111,NO_IDENTIFIER_PHASEA_NOT_ATTEMPTED
B14112,NO_ABSTRACT_IDENTIFIER_SOURCES
B14122,RECOVERED
B14143,NO_ABSTRACT_IDENTIFIER_SOURCES
B14144,NO_ABSTRACT_IDENTIFIER_SOURCES
B14158,NO_IDENTIFIER_PHASEA_NOT_ATTEMPTED
B14164,NO_IDENTIFIER_PHASEA_NOT_ATTEMPTED
B14170,NO_ABSTRACT_IDENTIFIER_SOURCES
B14182,NO_IDENTIFIER_PHASEA_NOT_ATTEMPTED
B14189,NO_ABSTRACT_IDENTIFIER_SOURCES
B14206,NO_IDENTIFIER_PHASEA_NOT_ATTEMPTED
B14224,NO_ABSTRACT_IDENTIFIER_SOURCES
B14243,NO_ABSTRACT_IDENTIFIER_SOURCES
B14250,NO_IDENTIFIER_PHASEA_NOT_ATTEMPTED
B14256,NO_ABSTRACT_IDENTIFIER_SOURCES
B14265,NO_ABSTRACT_IDENTIFIER_SOURCES
B14271,NO_ABSTRACT_IDENTIFIER_SOURCES
B14279,RECOVERED
B14295,RECOVERED
B14317,NO_ABSTRACT_IDENTIFIER_SOURCES
B14323,NO_ABSTRACT_IDENTIFIER_SOURCES
