specter2_residual_rank,Broad_ID,human_decision,exclusion_reason
1,B02766,Not relevant,No aging/senescence axis
2,B12384,Not relevant,Non-original publication
3,B10079,Not relevant,Non-original publication
4,B02259,Not relevant,Non-original publication
5,B09715,Not relevant,Non-original publication
6,B09255,Not relevant,No aging/senescence axis
7,B07191,Not relevant,Non-original publication
8,B10870,Not relevant,Non-original publication
9,B02619,Not relevant,Non-original publication
10,B02101,Not relevant,Non-original publication
11,B03888,Not relevant,Non-original publication
12,B06724,Not relevant,Non-original publication
13,B00305,Not relevant,No aging/senescence axis
14,B11064,Not relevant,Non-original publication
15,B03187,Not relevant,Non-original publication
16,B07372,Not relevant,Non-original publication
17,B08922,Not relevant,Non-original publication
18,B07728,Not relevant,Non-original publication
19,B07731,Not relevant,Non-original publication
20,B02094,Not relevant,Non-original publication
21,B07730,Not relevant,Non-original publication
22,B10344,Not relevant,Non-original publication
23,B03877,Not relevant,No aging/senescence axis
24,B09471,Not relevant,Non-original publication
25,B03866,Not relevant,Non-original publication
26,B02127,Not relevant,Non-original publication
27,B09279,Not relevant,Non-original publication
28,B02881,Not relevant,No aging/senescence axis
29,B02204,Not relevant,Non-original publication
30,B07714,Not relevant,Non-original publication
31,B03162,Not relevant,Non-original publication
32,B05649,Not relevant,Non-original publication
33,B01733,Not relevant,No aging/senescence axis
34,B13172,Not relevant,Non-original publication
35,B09994,Not relevant,Non-original publication
36,B01743,Not relevant,Non-original publication
37,B09151,Not relevant,Non-original publication
38,B05616,Not relevant,Non-original publication
39,B10896,Not relevant,Non-original publication
40,B08587,Not relevant,Non-original publication
41,B02106,Not relevant,Non-original publication
42,B00197,Not relevant,Non-original publication
43,B05811,Not relevant,Non-original publication
44,B00837,Not relevant,Non-original publication
45,B04338,Not relevant,Non-original publication
46,B07433,Not relevant,Non-original publication
47,B02057,Not relevant,Non-original publication
48,B02099,Not relevant,Non-original publication
49,B09148,Not relevant,Non-original publication
50,B11659,Not relevant,Non-original publication
