Screening_position,Broad_ID,Label_numeric,Decision
1,B01685,0,Not relevant
2,B10066,0,Not relevant
3,B02928,0,Not relevant
4,B05310,0,Not relevant
5,B01020,0,Not relevant
6,B02910,0,Not relevant
7,B09229,0,Not relevant
8,B04688,0,Not relevant
9,B00093,0,Not relevant
10,B05645,0,Not relevant
11,B06218,0,Not relevant
12,B08069,0,Not relevant
13,B09749,0,Not relevant
14,B08231,0,Not relevant
15,B01036,0,Not relevant
16,B01255,0,Not relevant
17,B09203,0,Not relevant
18,B03448,0,Not relevant
19,B05345,1,Relevant
20,B04160,0,Not relevant
21,B02630,1,Relevant
22,B02245,0,Not relevant
23,B01312,0,Not relevant
24,B01645,1,Relevant
25,B05460,0,Not relevant
26,B11464,0,Not relevant
27,B08574,0,Not relevant
28,B03401,0,Not relevant
29,B04736,0,Not relevant
30,B06392,0,Not relevant
31,B11146,0,Not relevant
32,B10640,1,Relevant
33,B05040,0,Not relevant
34,B05706,1,Relevant
35,B09245,1,Relevant
36,B02892,1,Relevant
37,B13792,0,Not relevant
38,B04811,1,Relevant
39,B12473,0,Not relevant
40,B12039,0,Not relevant
41,B10843,0,Not relevant
42,B04803,0,Not relevant
43,B12306,0,Not relevant
44,B04299,0,Not relevant
45,B10566,0,Not relevant
46,B08134,0,Not relevant
47,B03891,0,Not relevant
48,B04863,0,Not relevant
49,B09427,0,Not relevant
50,B01627,0,Not relevant
51,B00536,1,Relevant
52,B08507,0,Not relevant
53,B00634,0,Not relevant
54,B03777,1,Relevant
55,B01152,0,Not relevant
56,B09226,0,Not relevant
57,B00738,0,Not relevant
58,B01281,0,Not relevant
59,B00229,1,Relevant
60,B06043,0,Not relevant
61,B00300,0,Not relevant
62,B12328,0,Not relevant
63,B10045,0,Not relevant
64,B00724,1,Relevant
65,B07315,0,Not relevant
66,B02581,0,Not relevant
67,B04654,1,Relevant
68,B03125,1,Relevant
69,B11212,0,Not relevant
70,B11229,0,Not relevant
71,B04645,0,Not relevant
72,B02025,1,Relevant
73,B00905,1,Relevant
74,B02026,1,Relevant
75,B08372,0,Not relevant
76,B00692,0,Not relevant
77,B13678,0,Not relevant
78,B03402,0,Not relevant
79,B11699,1,Relevant
80,B07878,1,Relevant
81,B07205,1,Relevant
82,B03139,1,Relevant
83,B07457,0,Not relevant
84,B03144,0,Not relevant
85,B10089,1,Relevant
86,B02893,0,Not relevant
87,B10263,0,Not relevant
88,B00286,0,Not relevant
89,B04942,0,Not relevant
90,B00478,0,Not relevant
91,B01951,0,Not relevant
92,B06026,0,Not relevant
93,B05600,1,Relevant
94,B11003,0,Not relevant
95,B02788,0,Not relevant
96,B02894,0,Not relevant
97,B09441,1,Relevant
98,B10641,0,Not relevant
99,B02370,0,Not relevant
100,B02240,1,Relevant
101,B10121,0,Not relevant
102,B01796,1,Relevant
103,B05202,0,Not relevant
104,B01831,1,Relevant
105,B11032,1,Relevant
106,B06473,0,Not relevant
107,B00095,1,Relevant
108,B09630,0,Not relevant
109,B02528,0,Not relevant
110,B07844,0,Not relevant
111,B00827,0,Not relevant
112,B10040,0,Not relevant
113,B11018,0,Not relevant
114,B04086,0,Not relevant
115,B09869,0,Not relevant
116,B07870,0,Not relevant
117,B07529,0,Not relevant
118,B01359,0,Not relevant
119,B05923,1,Relevant
120,B08650,0,Not relevant
121,B07449,0,Not relevant
122,B12744,0,Not relevant
123,B07745,0,Not relevant
124,B04953,1,Relevant
125,B00359,0,Not relevant
126,B10876,0,Not relevant
127,B00910,0,Not relevant
128,B08981,0,Not relevant
129,B00349,0,Not relevant
130,B09224,0,Not relevant
131,B06343,1,Relevant
132,B03265,0,Not relevant
133,B09468,0,Not relevant
134,B09931,0,Not relevant
135,B03744,0,Not relevant
136,B06192,1,Relevant
137,B07429,1,Relevant
138,B01238,1,Relevant
139,B07367,1,Relevant
140,B13614,0,Not relevant
141,B00192,0,Not relevant
142,B07309,0,Not relevant
143,B02133,0,Not relevant
144,B07202,0,Not relevant
145,B08770,0,Not relevant
146,B05477,0,Not relevant
147,B00934,1,Relevant
148,B07674,0,Not relevant
149,B01529,0,Not relevant
150,B04655,0,Not relevant
151,B06344,0,Not relevant
152,B02625,0,Not relevant
153,B01067,1,Relevant
154,B09172,0,Not relevant
155,B12303,1,Relevant
156,B03864,0,Not relevant
157,B11529,1,Relevant
158,B05964,0,Not relevant
159,B07165,0,Not relevant
160,B03180,1,Relevant
161,B12531,0,Not relevant
162,B14160,0,Not relevant
163,B08945,0,Not relevant
164,B00457,0,Not relevant
165,B08711,0,Not relevant
166,B00408,0,Not relevant
167,B01153,0,Not relevant
168,B12194,1,Relevant
169,B04865,0,Not relevant
170,B13218,0,Not relevant
171,B04638,0,Not relevant
172,B10962,0,Not relevant
173,B04744,1,Relevant
174,B06450,0,Not relevant
175,B04260,0,Not relevant
176,B13460,0,Not relevant
177,B10200,1,Relevant
178,B07940,0,Not relevant
179,B08768,0,Not relevant
180,B13170,1,Relevant
181,B09440,0,Not relevant
182,B01934,1,Relevant
183,B06703,0,Not relevant
184,B01481,1,Relevant
185,B07160,1,Relevant
186,B00099,0,Not relevant
187,B02260,0,Not relevant
188,B01302,0,Not relevant
189,B06870,0,Not relevant
190,B06399,0,Not relevant
191,B00917,0,Not relevant
192,B05766,0,Not relevant
193,B12176,0,Not relevant
194,B05763,0,Not relevant
195,B04198,0,Not relevant
196,B03922,0,Not relevant
197,B00711,0,Not relevant
198,B09268,0,Not relevant
199,B01415,0,Not relevant
200,B02495,0,Not relevant
201,B12662,0,Not relevant
202,B07029,0,Not relevant
203,B05083,0,Not relevant
204,B00742,0,Not relevant
205,B10754,0,Not relevant
206,B07122,0,Not relevant
207,B09562,0,Not relevant
208,B14026,0,Not relevant
209,B02946,0,Not relevant
210,B03942,0,Not relevant
211,B01380,0,Not relevant
212,B02540,0,Not relevant
213,B07961,0,Not relevant
214,B10917,0,Not relevant
215,B04123,0,Not relevant
216,B02688,0,Not relevant
217,B14060,0,Not relevant
218,B05653,0,Not relevant
219,B04418,0,Not relevant
220,B08419,0,Not relevant
221,B08146,0,Not relevant
222,B04565,0,Not relevant
223,B01154,0,Not relevant
224,B04687,0,Not relevant
225,B10912,0,Not relevant
226,B00922,0,Not relevant
227,B08747,0,Not relevant
228,B13438,0,Not relevant
229,B00716,0,Not relevant
230,B02754,0,Not relevant
231,B04085,0,Not relevant
232,B04457,0,Not relevant
233,B09396,0,Not relevant
234,B03168,0,Not relevant
235,B02512,0,Not relevant
236,B12530,0,Not relevant
237,B12312,0,Not relevant
238,B13553,0,Not relevant
239,B10520,0,Not relevant
240,B01248,0,Not relevant
241,B04435,0,Not relevant
242,B07519,0,Not relevant
243,B13891,0,Not relevant
244,B01336,0,Not relevant
245,B01648,0,Not relevant
246,B00177,0,Not relevant
247,B00276,0,Not relevant
248,B07092,0,Not relevant
249,B05764,0,Not relevant
250,B02548,0,Not relevant
251,B12052,0,Not relevant
252,B05661,0,Not relevant
253,B14220,0,Not relevant
254,B13144,0,Not relevant
255,B12015,0,Not relevant
256,B03422,0,Not relevant
257,B07236,0,Not relevant
258,B00725,0,Not relevant
259,B04683,0,Not relevant
260,B06752,0,Not relevant
261,B07528,0,Not relevant
262,B08516,0,Not relevant
263,B12026,0,Not relevant
264,B09498,0,Not relevant
265,B05961,0,Not relevant
266,B01191,0,Not relevant
267,B01249,0,Not relevant
268,B04904,0,Not relevant
269,B02248,0,Not relevant
270,B09303,0,Not relevant
271,B07000,0,Not relevant
272,B08270,0,Not relevant
273,B02365,0,Not relevant
274,B04697,0,Not relevant
275,B08888,0,Not relevant
276,B07841,0,Not relevant
277,B00729,0,Not relevant
278,B10748,0,Not relevant
279,B05705,0,Not relevant
280,B04730,0,Not relevant
281,B06829,0,Not relevant
282,B06158,0,Not relevant
283,B00008,0,Not relevant
284,B05154,0,Not relevant
285,B06012,0,Not relevant
286,B07420,0,Not relevant
287,B11323,0,Not relevant
288,B02091,0,Not relevant
289,B00237,0,Not relevant
290,B12814,0,Not relevant
291,B01313,0,Not relevant
292,B09846,0,Not relevant
293,B03646,0,Not relevant
294,B11384,0,Not relevant
295,B01440,0,Not relevant
296,B06656,0,Not relevant
297,B10469,0,Not relevant
298,B13613,0,Not relevant
299,B01575,0,Not relevant
300,B01583,0,Not relevant
301,B04931,0,Not relevant
302,B00100,0,Not relevant
303,B02453,0,Not relevant
304,B05219,0,Not relevant
305,B13767,0,Not relevant
306,B07378,0,Not relevant
307,B00479,0,Not relevant
308,B12925,0,Not relevant
309,B06813,0,Not relevant
310,B14043,0,Not relevant
311,B04492,0,Not relevant
312,B08724,0,Not relevant
313,B03159,0,Not relevant
314,B03278,0,Not relevant
315,B08850,0,Not relevant
316,B08078,0,Not relevant
317,B10631,0,Not relevant
318,B09425,0,Not relevant
319,B12905,0,Not relevant
320,B07404,0,Not relevant
321,B07360,0,Not relevant
322,B02784,0,Not relevant
323,B00983,0,Not relevant
324,B04199,0,Not relevant
325,B00169,0,Not relevant
326,B04055,0,Not relevant
327,B07531,0,Not relevant
328,B13652,0,Not relevant
329,B12796,0,Not relevant
330,B10422,0,Not relevant
331,B04328,0,Not relevant
332,B00499,0,Not relevant
333,B04270,0,Not relevant
334,B06279,0,Not relevant
335,B06751,0,Not relevant
336,B08783,0,Not relevant
337,B09131,0,Not relevant
338,B07727,0,Not relevant
339,B08279,0,Not relevant
340,B01213,0,Not relevant
341,B02967,0,Not relevant
342,B01631,0,Not relevant
343,B13631,0,Not relevant
344,B12931,0,Not relevant
345,B11016,0,Not relevant
346,B00898,0,Not relevant
347,B05371,0,Not relevant
348,B12041,0,Not relevant
349,B00861,0,Not relevant
350,B02938,0,Not relevant
351,B00202,0,Not relevant
352,B07345,0,Not relevant
353,B03191,0,Not relevant
354,B02678,0,Not relevant
355,B01585,0,Not relevant
356,B03274,0,Not relevant
357,B06068,0,Not relevant
358,B07732,0,Not relevant
359,B11508,0,Not relevant
360,B13901,0,Not relevant
361,B00799,0,Not relevant
362,B12298,0,Not relevant
363,B02731,0,Not relevant
364,B04711,0,Not relevant
365,B13145,0,Not relevant
366,B03135,0,Not relevant
367,B06189,0,Not relevant
368,B05149,0,Not relevant
369,B07524,0,Not relevant
370,B11676,0,Not relevant
371,B01177,0,Not relevant
372,B10535,0,Not relevant
373,B14110,0,Not relevant
374,B10308,0,Not relevant
375,B13529,0,Not relevant
376,B05708,0,Not relevant
377,B01874,0,Not relevant
378,B04288,0,Not relevant
379,B12308,0,Not relevant
380,B13337,0,Not relevant
381,B03863,0,Not relevant
382,B03573,0,Not relevant
383,B04303,0,Not relevant
384,B05441,0,Not relevant
385,B13049,0,Not relevant
386,B09175,0,Not relevant
387,B03019,0,Not relevant
388,B02563,0,Not relevant
389,B08332,0,Not relevant
390,B12670,0,Not relevant
391,B01435,0,Not relevant
392,B08597,0,Not relevant
393,B12321,0,Not relevant
394,B09823,0,Not relevant
395,B05835,0,Not relevant
396,B00146,1,Relevant
397,B00120,0,Not relevant
398,B02949,0,Not relevant
399,B01308,0,Not relevant
400,B02984,0,Not relevant
401,B08979,0,Not relevant
402,B00624,0,Not relevant
403,B02795,0,Not relevant
404,B05577,0,Not relevant
405,B04693,0,Not relevant
406,B03008,0,Not relevant
407,B12013,0,Not relevant
408,B13549,1,Relevant
409,B11669,0,Not relevant
410,B12182,0,Not relevant
411,B10839,0,Not relevant
412,B12894,0,Not relevant
413,B09134,0,Not relevant
414,B06003,0,Not relevant
415,B12188,0,Not relevant
416,B06216,0,Not relevant
417,B04125,0,Not relevant
418,B11619,0,Not relevant
419,B00030,0,Not relevant
420,B01914,0,Not relevant
421,B04678,0,Not relevant
422,B08861,0,Not relevant
423,B11981,0,Not relevant
424,B12798,0,Not relevant
425,B00459,0,Not relevant
426,B07734,0,Not relevant
427,B04326,0,Not relevant
428,B04241,0,Not relevant
429,B07516,0,Not relevant
430,B06299,0,Not relevant
431,B08907,0,Not relevant
432,B00701,0,Not relevant
433,B09036,0,Not relevant
434,B06330,0,Not relevant
435,B02860,0,Not relevant
436,B12262,0,Not relevant
437,B00703,0,Not relevant
438,B00807,0,Not relevant
439,B03941,0,Not relevant
440,B07620,0,Not relevant
441,B10269,0,Not relevant
442,B12447,0,Not relevant
443,B01475,0,Not relevant
444,B04036,0,Not relevant
445,B09347,0,Not relevant
446,B07402,0,Not relevant
447,B03420,0,Not relevant
448,B00340,0,Not relevant
449,B02143,0,Not relevant
450,B05060,0,Not relevant
451,B03221,0,Not relevant
452,B09330,0,Not relevant
453,B04278,0,Not relevant
454,B02282,0,Not relevant
455,B01107,0,Not relevant
456,B04320,0,Not relevant
457,B00379,0,Not relevant
458,B06201,0,Not relevant
459,B08621,0,Not relevant
460,B00142,0,Not relevant
461,B08525,0,Not relevant
462,B02313,0,Not relevant
463,B11071,0,Not relevant
464,B07248,0,Not relevant
465,B09595,0,Not relevant
466,B13524,0,Not relevant
467,B06720,0,Not relevant
468,B04383,0,Not relevant
469,B07827,0,Not relevant
470,B09637,0,Not relevant
471,B02789,0,Not relevant
472,B13825,0,Not relevant
473,B01517,0,Not relevant
474,B01531,0,Not relevant
475,B03773,0,Not relevant
476,B03924,0,Not relevant
477,B11347,0,Not relevant
478,B02005,0,Not relevant
479,B07883,0,Not relevant
480,B01895,0,Not relevant
481,B08178,0,Not relevant
482,B02591,0,Not relevant
483,B10740,0,Not relevant
484,B04127,0,Not relevant
485,B12448,0,Not relevant
486,B00250,0,Not relevant
487,B05564,0,Not relevant
488,B09942,0,Not relevant
489,B03890,0,Not relevant
490,B10159,0,Not relevant
491,B13267,0,Not relevant
492,B03421,0,Not relevant
493,B06513,0,Not relevant
494,B00542,0,Not relevant
495,B12097,0,Not relevant
496,B02690,0,Not relevant
497,B00066,0,Not relevant
498,B02511,0,Not relevant
499,B09781,0,Not relevant
500,B02102,0,Not relevant
501,B05982,0,Not relevant
502,B01296,0,Not relevant
503,B01222,0,Not relevant
504,B13106,0,Not relevant
505,B03921,0,Not relevant
506,B02192,0,Not relevant
507,B02954,0,Not relevant
508,B10600,0,Not relevant
509,B00589,0,Not relevant
510,B02425,0,Not relevant
511,B03115,0,Not relevant
512,B12342,0,Not relevant
513,B11339,0,Not relevant
514,B05414,0,Not relevant
515,B02085,0,Not relevant
516,B14153,0,Not relevant
517,B04528,0,Not relevant
518,B09281,0,Not relevant
519,B00353,0,Not relevant
520,B11428,0,Not relevant
521,B09012,0,Not relevant
522,B13840,0,Not relevant
523,B10749,0,Not relevant
524,B02722,0,Not relevant
525,B05867,0,Not relevant
526,B11349,0,Not relevant
527,B00652,0,Not relevant
528,B00723,0,Not relevant
529,B01077,0,Not relevant
530,B00893,0,Not relevant
531,B06851,0,Not relevant
532,B13608,0,Not relevant
533,B00576,0,Not relevant
534,B07413,0,Not relevant
535,B13983,0,Not relevant
536,B12737,0,Not relevant
537,B03564,0,Not relevant
538,B09745,0,Not relevant
539,B13959,0,Not relevant
540,B03635,0,Not relevant
541,B07657,0,Not relevant
542,B00872,0,Not relevant
543,B08966,0,Not relevant
544,B12712,0,Not relevant
545,B02660,0,Not relevant
546,B02578,0,Not relevant
547,B04851,0,Not relevant
548,B04243,0,Not relevant
549,B09181,0,Not relevant
550,B13143,0,Not relevant
551,B11447,0,Not relevant
552,B12190,0,Not relevant
553,B04051,0,Not relevant
554,B13739,0,Not relevant
555,B12362,0,Not relevant
556,B03881,0,Not relevant
557,B08598,0,Not relevant
558,B03475,0,Not relevant
559,B02078,0,Not relevant
560,B05832,0,Not relevant
561,B06177,0,Not relevant
562,B11579,0,Not relevant
563,B11726,0,Not relevant
564,B02306,0,Not relevant
565,B02631,0,Not relevant
566,B10938,0,Not relevant
567,B01543,0,Not relevant
568,B07518,0,Not relevant
569,B13252,0,Not relevant
570,B07329,0,Not relevant
571,B10114,0,Not relevant
572,B08122,0,Not relevant
573,B00735,0,Not relevant
574,B01063,0,Not relevant
575,B07989,0,Not relevant
576,B10188,0,Not relevant
577,B10638,0,Not relevant
578,B05608,0,Not relevant
579,B04770,0,Not relevant
580,B09031,0,Not relevant
581,B06820,0,Not relevant
582,B11761,0,Not relevant
583,B08305,0,Not relevant
584,B13859,0,Not relevant
585,B04553,0,Not relevant
586,B13053,0,Not relevant
587,B02859,0,Not relevant
588,B10759,0,Not relevant
589,B04572,0,Not relevant
590,B02944,0,Not relevant
591,B11648,0,Not relevant
592,B01254,0,Not relevant
593,B01239,0,Not relevant
594,B00246,0,Not relevant
595,B01486,0,Not relevant
596,B02075,0,Not relevant
597,B01705,0,Not relevant
598,B12201,0,Not relevant
599,B04361,0,Not relevant
600,B09747,0,Not relevant
601,B00545,0,Not relevant
602,B06557,0,Not relevant
603,B12602,0,Not relevant
604,B14278,0,Not relevant
605,B11319,0,Not relevant
606,B02797,0,Not relevant
607,B03774,0,Not relevant
608,B11441,0,Not relevant
609,B01913,0,Not relevant
610,B04758,0,Not relevant
611,B07169,0,Not relevant
612,B11613,0,Not relevant
613,B10362,0,Not relevant
614,B08804,0,Not relevant
615,B01195,0,Not relevant
616,B04855,0,Not relevant
617,B04469,0,Not relevant
618,B03979,0,Not relevant
619,B07933,0,Not relevant
620,B09287,0,Not relevant
621,B13564,0,Not relevant
622,B13351,0,Not relevant
623,B10512,0,Not relevant
624,B09451,0,Not relevant
625,B07739,0,Not relevant
626,B03879,0,Not relevant
627,B04411,0,Not relevant
628,B05146,0,Not relevant
629,B07254,0,Not relevant
630,B03041,0,Not relevant
631,B10819,0,Not relevant
632,B08418,0,Not relevant
633,B09564,0,Not relevant
634,B01992,0,Not relevant
635,B06611,0,Not relevant
636,B03324,0,Not relevant
637,B04367,0,Not relevant
638,B07163,0,Not relevant
639,B07736,0,Not relevant
640,B11985,0,Not relevant
641,B10909,0,Not relevant
642,B08545,0,Not relevant
643,B09753,0,Not relevant
644,B03914,0,Not relevant
645,B10563,0,Not relevant
646,B01071,0,Not relevant
647,B10628,0,Not relevant
648,B11461,0,Not relevant
649,B01138,0,Not relevant
650,B00506,0,Not relevant
651,B05126,0,Not relevant
652,B12540,0,Not relevant
653,B04965,0,Not relevant
654,B08929,0,Not relevant
655,B00272,0,Not relevant
656,B01511,0,Not relevant
657,B03826,0,Not relevant
658,B12932,0,Not relevant
659,B05761,0,Not relevant
660,B02824,0,Not relevant
661,B05218,0,Not relevant
662,B11962,0,Not relevant
663,B05632,0,Not relevant
664,B00664,0,Not relevant
665,B07711,0,Not relevant
666,B11906,0,Not relevant
667,B04634,0,Not relevant
668,B06684,0,Not relevant
669,B11690,0,Not relevant
670,B00266,0,Not relevant
671,B06471,0,Not relevant
672,B13635,0,Not relevant
673,B05153,0,Not relevant
674,B02037,0,Not relevant
675,B02263,0,Not relevant
676,B01068,0,Not relevant
677,B11354,0,Not relevant
678,B10191,0,Not relevant
679,B01202,0,Not relevant
680,B13762,0,Not relevant
681,B13867,0,Not relevant
682,B01922,0,Not relevant
683,B09125,0,Not relevant
684,B11225,0,Not relevant
685,B02481,0,Not relevant
686,B03954,0,Not relevant
687,B02772,0,Not relevant
688,B03797,0,Not relevant
689,B08965,0,Not relevant
690,B02509,0,Not relevant
691,B12939,0,Not relevant
692,B11728,0,Not relevant
693,B02384,0,Not relevant
694,B01034,0,Not relevant
695,B09171,0,Not relevant
696,B03693,0,Not relevant
697,B00496,0,Not relevant
698,B01610,0,Not relevant
699,B13839,0,Not relevant
700,B07791,0,Not relevant
701,B13414,0,Not relevant
702,B10246,0,Not relevant
703,B00818,0,Not relevant
704,B11521,0,Not relevant
705,B08211,0,Not relevant
706,B02318,0,Not relevant
707,B01669,0,Not relevant
708,B00226,0,Not relevant
709,B11089,0,Not relevant
710,B07204,0,Not relevant
711,B02257,0,Not relevant
712,B00744,0,Not relevant
713,B03440,0,Not relevant
714,B04026,0,Not relevant
715,B12398,0,Not relevant
716,B06052,0,Not relevant
717,B00886,0,Not relevant
718,B03295,0,Not relevant
719,B06228,0,Not relevant
720,B09120,0,Not relevant
721,B04652,0,Not relevant
722,B02044,0,Not relevant
723,B11844,0,Not relevant
724,B00931,0,Not relevant
725,B01372,0,Not relevant
726,B08388,0,Not relevant
727,B13705,0,Not relevant
728,B11666,0,Not relevant
729,B00107,0,Not relevant
730,B01100,0,Not relevant
731,B07867,0,Not relevant
732,B07328,0,Not relevant
733,B03547,0,Not relevant
734,B02891,0,Not relevant
735,B00252,0,Not relevant
736,B08843,0,Not relevant
737,B12577,0,Not relevant
738,B10622,0,Not relevant
739,B02079,0,Not relevant
740,B13728,0,Not relevant
741,B13168,0,Not relevant
742,B03267,0,Not relevant
743,B05991,0,Not relevant
744,B02270,0,Not relevant
745,B07554,0,Not relevant
746,B02887,0,Not relevant
747,B04639,0,Not relevant
748,B00739,0,Not relevant
749,B00843,0,Not relevant
750,B00573,0,Not relevant
751,B09417,0,Not relevant
752,B10056,0,Not relevant
753,B12541,0,Not relevant
754,B09791,0,Not relevant
755,B11967,0,Not relevant
756,B03484,0,Not relevant
757,B03208,0,Not relevant
758,B08748,0,Not relevant
759,B11814,0,Not relevant
760,B11439,0,Not relevant
761,B05777,0,Not relevant
762,B05479,0,Not relevant
763,B09164,0,Not relevant
764,B11692,0,Not relevant
765,B00594,0,Not relevant
